CUSTOMERNUM,LOANNUM,TRANSACTIONID,TRANSACTIONCREATEDATE,TRANSACTIONEFFECTIVEDATE,TRANSACTIONAMT(INR),TRANSACTIONCODE,TRANSACTIONDESCRIPTION,PAYMENTTYPE,REVERSALTRANSACTIONID,REVERSALDATE,REVERSALAMOUNT,REVERSALREASONCODE,REVERSALPAYMENTTYPE,RunDate
,3005478,26699682,10-02-2024 00:00,10-02-2024 00:00,515.37,CPAY,,Check,,16-02-2024 00:00,515.37,,,13-04-2024
,1468990,26831836,22-02-2024 00:00,22-02-2024 00:00,420.31,DPAY,,Debit,,,,,,13-04-2024
,1468990,26600014,01-02-2024 00:00,01-02-2024 00:00,245,DPAY,,Debit,,,,,,13-04-2024
,1468990,26634729,05-02-2024 00:00,05-02-2024 00:00,175.31,DPAY,,Debit,,,,,,13-04-2024
,1468990,27190396,21-03-2024 00:00,21-03-2024 00:00,420.31,DPAY,,Debit,,,,,,13-04-2024
,1469725,27036780,09-03-2024 00:00,09-03-2024 00:00,455.31,DPAY,,Debit,,,,,,13-04-2024
,1793116,26990942,05-03-2024 00:00,05-03-2024 00:00,886.53,DPAY,,Debit,,,,,,13-04-2024
,1793116,26635506,05-02-2024 00:00,05-02-2024 00:00,886.53,DPAY,,Debit,,,,,,13-04-2024
,1469725,27396967,09-04-2024 00:00,09-04-2024 00:00,455.31,DPAY,,Debit,,,,,,13-04-2024
,1833664,26485982,23-01-2024 00:00,23-01-2024 00:00,599.55,DPAY,,Debit,,,,,,13-04-2024
,1833664,26872833,25-02-2024 00:00,25-02-2024 00:00,375,DPAY,,Debit,,,,,,13-04-2024
,1793116,27383896,07-04-2024 00:00,07-04-2024 00:00,886.53,DPAY,,Debit,,,,,,13-04-2024
,2073353,27225728,24-03-2024 00:00,24-03-2024 00:00,839.33,DPAY,,Debit,,,,,,13-04-2024
,1483940,26805138,20-02-2024 00:00,20-02-2024 00:00,10714.02,ICPO,Insurance Pymt/Pyoff,Other,,,,,,13-04-2024
,1483940,26614244,02-02-2024 00:00,02-02-2024 00:00,462.23,DPAY,,Debit,,,,,,13-04-2024
,2051451,26553836,29-01-2024 00:00,29-01-2024 00:00,844.25,DPAY,,Debit,,,,,,13-04-2024
,1833664,27217893,23-03-2024 00:00,23-03-2024 00:00,250,DPAY,,Debit,,,,,,13-04-2024
,1471101,26524877,26-01-2024 00:00,26-01-2024 00:00,650,PNMC,Pay Near Me,Other,,,,,,13-04-2024
,2051451,27229974,25-03-2024 00:00,25-03-2024 00:00,845,DPAY,,Debit,,,,,,13-04-2024
,1509645,27176279,20-03-2024 00:00,20-03-2024 00:00,818.39,DPAY,,Debit,,,,,,13-04-2024
,2073353,27037616,09-03-2024 00:00,09-03-2024 00:00,839.33,DPAY,,Debit,,,,,,13-04-2024
,1471101,27253096,27-03-2024 00:00,27-03-2024 00:00,620,DPAY,,Debit,,,,,,13-04-2024
,2051451,26879451,26-02-2024 00:00,26-02-2024 00:00,844.25,DPAY,,Debit,,,,,,13-04-2024
,1471101,26889323,27-02-2024 00:00,27-02-2024 00:00,620,DPAY,,Debit,,,,,,13-04-2024
,1469725,26677583,09-02-2024 00:00,09-02-2024 00:00,455.31,DPAY,,Debit,,,,,,13-04-2024
,3005478,26429109,18-01-2024 00:00,18-01-2024 00:00,515.37,DPAY,,Debit,,,,,,13-04-2024
,1833664,27320970,01-04-2024 00:00,01-04-2024 00:00,349.55,DPAY,,Debit,,,,,,13-04-2024
,1509645,26819003,21-02-2024 00:00,21-02-2024 00:00,818.39,DPAY,,Debit,,,,,,13-04-2024
,2015414,26656639,07-02-2024 00:00,07-02-2024 00:00,894.82,DPAY,,Debit,,,,,,13-04-2024
,1469733,26766840,16-02-2024 00:00,16-02-2024 00:00,627.49,CPAY,,Check,,,,,,13-04-2024
,2015414,27384045,07-04-2024 00:00,07-04-2024 00:00,894.82,DPAY,,Debit,,,,,,13-04-2024
,1833664,26967779,02-03-2024 00:00,02-03-2024 00:00,224.55,DPAY,,Debit,,,,,,13-04-2024
,2015414,27012459,07-03-2024 00:00,07-03-2024 00:00,894.82,DPAY,,Debit,,,,,,13-04-2024
,2073353,26699534,10-02-2024 00:00,10-02-2024 00:00,839.33,DPAY,,Debit,,,,,,13-04-2024
,1695477,26862274,24-02-2024 00:00,24-02-2024 00:00,620.48,CPAY,,Check,,01-03-2024 00:00,620.48,,,13-04-2024
,1695477,27225378,24-03-2024 00:00,24-03-2024 00:00,620.48,CPAY,,Check,,29-03-2024 00:00,620.48,,,13-04-2024
,1695477,26495482,24-01-2024 00:00,24-01-2024 00:00,620.48,CPAY,,Check,,31-01-2024 00:00,620.48,,,13-04-2024
,1733435,26589136,31-01-2024 00:00,31-01-2024 00:00,300,DPAY,,Debit,,14-02-2024 00:00,300,,,13-04-2024
,1582907,26395880,15-01-2024 00:00,15-01-2024 00:00,304,CPAY,,Check,,20-01-2024 00:00,304,,,13-04-2024
,1869932,27059415,11-03-2024 00:00,11-03-2024 00:00,638.79,CPAY,,Check,,15-03-2024 00:00,638.79,,,13-04-2024
,1865450,27215019,22-03-2024 00:00,22-03-2024 00:00,469.32,PNMC,Pay Near Me,Other,,,,,,13-04-2024
,1695477,26967463,02-03-2024 00:00,02-03-2024 00:00,635.48,DPAY,,Debit,,,,,,13-04-2024
,1720812,26805655,20-02-2024 00:00,20-02-2024 00:00,811.82,DPAY,,Debit,,,,,,13-04-2024
,1479641,26924190,29-02-2024 00:00,29-02-2024 00:00,705.33,DPAY,,Debit,,,,,,13-04-2024
,1543685,26752557,14-02-2024 00:00,14-02-2024 00:00,845,AUCT,,Other,,,,,,13-04-2024
,3005145,26397423,15-01-2024 00:00,15-01-2024 00:00,400,PNMC,Pay Near Me,Other,,,,,,13-04-2024
,1769991,27059093,11-03-2024 00:00,11-03-2024 00:00,451.79,DPAY,,Debit,,,,,,13-04-2024
,1801067,26879019,26-02-2024 00:00,26-02-2024 00:00,215,PNMC,Pay Near Me,Other,,,,,,13-04-2024
,1693217,26990590,05-03-2024 00:00,05-03-2024 00:00,593.24,DPAY,,Debit,,,,,,13-04-2024
,1479641,26831855,22-02-2024 00:00,22-02-2024 00:00,200,DPAY,,Debit,,,,,,13-04-2024
,1638964,27441997,12-04-2024 00:00,12-04-2024 00:00,617.3,DPAY,,Debit,,,,,,13-04-2024
,3011780,26417306,17-01-2024 00:00,17-01-2024 00:00,745.96,PNMC,Pay Near Me,Other,,,,,,13-04-2024
,1782093,26564514,30-01-2024 00:00,30-01-2024 00:00,869.91,DPAY,,Debit,,,,,,13-04-2024
,1604099,27253328,27-03-2024 00:00,27-03-2024 00:00,640,PNMC,Pay Near Me,Other,,,,,,13-04-2024
,1696061,27360140,05-04-2024 00:00,05-04-2024 00:00,695.77,DPAY,,Debit,,,,,,13-04-2024
,3131999,26752074,14-02-2024 00:00,14-02-2024 00:00,662.68,CPAY,,Check,,,,,,13-04-2024
,1532837,27280991,29-03-2024 00:00,29-03-2024 00:00,460.34,DPAY,,Debit,,,,,,13-04-2024
,2045266,26790334,18-02-2024 00:00,18-02-2024 00:00,788.17,DPAY,,Debit,,,,,,13-04-2024
,1527803,26846324,22-02-2024 00:00,22-02-2024 00:00,825,WAR0,,Other,,,,,,13-04-2024
,1761055,26631529,04-02-2024 00:00,04-02-2024 00:00,558.01,PYMG,MoneyGram Payment,Other,,,,,,13-04-2024
,1522200,27418811,11-04-2024 00:00,11-04-2024 00:00,550,DPAY,,Debit,,,,,,13-04-2024
,1823756,27146609,18-03-2024 00:00,18-03-2024 00:00,768.94,PYMG,MoneyGram Payment,Other,,,,,,13-04-2024
,3025115,26879821,26-02-2024 00:00,26-02-2024 00:00,592.91,DPAY,,Debit,,,,,,13-04-2024
,2062124,26668066,08-02-2024 00:00,08-02-2024 00:00,771.87,DPAY,,Debit,,,,,,13-04-2024
,1821743,27217860,23-03-2024 00:00,23-03-2024 00:00,775.69,DPAY,,Debit,,,,,,13-04-2024
,2045266,27147052,18-03-2024 00:00,18-03-2024 00:00,788.17,DPAY,,Debit,,,,,,13-04-2024
,3012799,26429127,18-01-2024 00:00,18-01-2024 00:00,380.78,DPAY,,Debit,,,,,,13-04-2024
,1531425,26624177,03-02-2024 00:00,02-02-2024 00:00,580.71,PNMC,Pay Near Me,Other,,,,,,13-04-2024
,1840644,27191327,21-03-2024 00:00,21-03-2024 00:00,580.51,CPAY,,Check,,,,,,13-04-2024
,2008906,27070286,12-03-2024 00:00,11-03-2024 00:00,395,PNMC,Pay Near Me,Other,,,,,,13-04-2024
,1522374,26525010,26-01-2024 00:00,26-01-2024 00:00,20,DPAY,,Debit,,,,,,13-04-2024
,1869932,27301175,30-03-2024 00:00,30-03-2024 00:00,31.93,DPAY,,Debit,,,,,,13-04-2024
,1598473,26643692,06-02-2024 00:00,06-02-2024 00:00,603.79,DPAY,,Debit,,,,,,13-04-2024
,1801067,27360555,05-04-2024 00:00,05-04-2024 00:00,470,PNMC,Pay Near Me,Other,,,,,,13-04-2024
,1872159,27384013,07-04-2024 00:00,07-04-2024 00:00,655,PNMC,Pay Near Me,Other,,,,,,13-04-2024
,3115923,26463431,20-01-2024 00:00,20-01-2024 00:00,714.12,CPAY,,Check,,,,,,13-04-2024
,1759588,27300892,30-03-2024 00:00,30-03-2024 00:00,250,DPAY,,Debit,,,,,,13-04-2024
,1853415,26473206,21-01-2024 00:00,20-01-2024 00:00,340,PNMC,Pay Near Me,Other,,,,,,13-04-2024
,1648039,26631387,04-02-2024 00:00,04-02-2024 00:00,513.8,CPAY,,Check,,,,,,13-04-2024
,1796580,27096935,14-03-2024 00:00,14-03-2024 00:00,648.46,CPAY,,Check,,,,,,13-04-2024
,1703669,26427595,18-01-2024 00:00,18-01-2024 00:00,655.94,DPAY,,Debit,,,,,,13-04-2024
,1807932,26538120,27-01-2024 00:00,27-01-2024 00:00,879.31,DPAY,,Debit,,,,,,13-04-2024
,1790021,26702135,11-02-2024 00:00,11-02-2024 00:00,743.83,DPAY,,Debit,,,,,,13-04-2024
,1594589,26525220,26-01-2024 00:00,26-01-2024 00:00,324,PNMC,Pay Near Me,Other,,,,,,13-04-2024
,2000759,26462813,20-01-2024 00:00,20-01-2024 00:00,671.51,DPAY,,Debit,,,,,,13-04-2024
,1841642,27249821,26-03-2024 00:00,25-03-2024 00:00,695,PNMC,Pay Near Me,Other,,,,,,13-04-2024
,1418185,27327443,02-04-2024 00:00,02-04-2024 00:00,620.9,DPAY,,Debit,,,,,,13-04-2024
,1841642,26416566,17-01-2024 00:00,16-01-2024 00:00,683,PNMC,Pay Near Me,Other,,,,,,13-04-2024
,2054882,26538413,27-01-2024 00:00,27-01-2024 00:00,650.45,CPAY,,Check,,,,,,13-04-2024
,1865195,26862693,24-02-2024 00:00,24-02-2024 00:00,621.92,DPAY,,Debit,,,,,,13-04-2024
,1517812,27128754,16-03-2024 00:00,16-03-2024 00:00,531.06,DPAY,,Debit,,,,,,13-04-2024
,3158571,26982867,04-03-2024 00:00,04-03-2024 00:00,537.04,DPAY,,Debit,,,,,,13-04-2024
,3158571,26982867,04-03-2024 00:00,04-03-2024 00:00,537.04,DPAY,,Debit,,,,,,13-04-2024
,2050736,27229972,25-03-2024 00:00,25-03-2024 00:00,788.42,DPAY,,Debit,,,,,,13-04-2024
,3043699,26429216,18-01-2024 00:00,18-01-2024 00:00,968.1,DPAY,,Debit,,,,,,13-04-2024
,1866003,26589529,31-01-2024 00:00,31-01-2024 00:00,862.85,DPAY,,Debit,,,,,,13-04-2024
,1710011,27053502,10-03-2024 00:00,10-03-2024 00:00,653.25,CPAY,,Check,,,,,,13-04-2024
,1842913,26644240,06-02-2024 00:00,06-02-2024 00:00,495.79,CPAY,,Check,,,,,,13-04-2024
,1604099,26635001,05-02-2024 00:00,04-02-2024 00:00,640,PNMC,Pay Near Me,Other,,,,,,13-04-2024
,2091516,26679521,09-02-2024 00:00,09-02-2024 00:00,873.01,PYMG,MoneyGram Payment,Other,,,,,,13-04-2024
,3115311,26849811,23-02-2024 00:00,22-02-2024 00:00,597.35,PNMC,Pay Near Me,Other,,,,,,13-04-2024
,1696061,27023328,08-03-2024 00:00,08-03-2024 00:00,695.77,DPAY,,Debit,,,,,,13-04-2024
,1862093,26416670,17-01-2024 00:00,17-01-2024 00:00,668.09,DPAY,,Debit,,,,,,13-04-2024
,1737568,27011935,07-03-2024 00:00,07-03-2024 00:00,731.1,DPAY,,Debit,,,,,,13-04-2024
,1591981,26525213,26-01-2024 00:00,26-01-2024 00:00,521.79,DPAY,,Debit,,,,,,13-04-2024
,1482611,27159796,19-03-2024 00:00,19-03-2024 00:00,497.29,DPAY,,Debit,,,,,,13-04-2024
,2080997,26601411,01-02-2024 00:00,01-02-2024 00:00,1000,DPAY,,Debit,,,,,,13-04-2024
,3165960,27178118,20-03-2024 00:00,20-03-2024 00:00,732.32,DPAY,,Debit,,,,,,13-04-2024
,3030809,27215806,22-03-2024 00:00,22-03-2024 00:00,649.3,DPAY,,Debit,,,,,,13-04-2024
,2010492,27361067,05-04-2024 00:00,05-04-2024 00:00,665.86,DPAY,,Debit,,,,,,13-04-2024
,1506054,26461722,20-01-2024 00:00,20-01-2024 00:00,659.87,DPAY,,Debit,,,,,,13-04-2024
,1833201,26725166,13-02-2024 00:00,13-02-2024 00:00,7775,AUCT,,Other,,,,,,13-04-2024
,2040276,26510931,25-01-2024 00:00,25-01-2024 00:00,392.13,DPAY,,Debit,,,,,,13-04-2024
,3017618,27349983,04-04-2024 00:00,04-04-2024 00:00,774.24,DPAY,,Debit,,,,,,13-04-2024
,3005415,27177743,20-03-2024 00:00,20-03-2024 00:00,759.68,CPAY,,Check,,,,,,13-04-2024
,1522267,26847259,23-02-2024 00:00,23-02-2024 00:00,512.25,DPAY,,Debit,,,,,,13-04-2024
,1648641,26631388,04-02-2024 00:00,04-02-2024 00:00,650,DPAY,,Debit,,,,,,13-04-2024
,1794965,27092496,13-03-2024 00:00,13-03-2024 00:00,1675,WAR0,,Other,,,,,,13-04-2024
,1710672,27082097,12-03-2024 00:00,12-03-2024 00:00,6740,AUCT,,Other,,,,,,13-04-2024
,1798925,26768094,16-02-2024 00:00,16-02-2024 00:00,694.42,DPAY,,Debit,,,,,,13-04-2024
,2051930,27037582,09-03-2024 00:00,09-03-2024 00:00,743.92,DPAY,,Debit,,,,,,13-04-2024
,1862093,26790211,18-02-2024 00:00,18-02-2024 00:00,668.09,DPAY,,Debit,,,,,,13-04-2024
,1516442,26701873,11-02-2024 00:00,11-02-2024 00:00,539.53,DPAY,,Debit,,,,,,13-04-2024
,3011780,27147411,18-03-2024 00:00,18-03-2024 00:00,745.96,PNMC,Pay Near Me,Other,,,,,,13-04-2024
,1532480,27359666,05-04-2024 00:00,05-04-2024 00:00,570.36,DPAY,,Debit,,,,,,13-04-2024
,1786201,26878966,26-02-2024 00:00,26-02-2024 00:00,704.06,DPAY,,Debit,,,,,,13-04-2024
,2011962,27160937,19-03-2024 00:00,19-03-2024 00:00,748.23,DPAY,,Debit,,,,,,13-04-2024
,3041641,26625622,03-02-2024 00:00,03-02-2024 00:00,765.04,DPAY,,Debit,,,,,,13-04-2024
,1761246,26753837,15-02-2024 00:00,15-02-2024 00:00,722.73,DPAY,,Debit,,,,,,13-04-2024
,1694397,26631443,04-02-2024 00:00,04-02-2024 00:00,675,DPAY,,Debit,,,,,,13-04-2024
,1819622,27177028,20-03-2024 00:00,20-03-2024 00:00,381.98,DPAY,,Debit,,,,,,13-04-2024
,1591981,26832157,22-02-2024 00:00,22-02-2024 00:00,521.79,DPAY,,Debit,,,,,,13-04-2024
,2069891,26625386,03-02-2024 00:00,03-02-2024 00:00,638,PNMC,Pay Near Me,Other,,,,,,13-04-2024
,1756535,27191043,21-03-2024 00:00,21-03-2024 00:00,679,PNMC,Pay Near Me,Other,,,,,,13-04-2024
,1745645,26600694,01-02-2024 00:00,01-02-2024 00:00,568.69,DPAY,,Debit,,,,,,13-04-2024
,3030704,26644768,06-02-2024 00:00,06-02-2024 00:00,736.1,DPAY,,Debit,,,,,,13-04-2024
,1796580,26391843,14-01-2024 00:00,14-01-2024 00:00,648.46,CPAY,,Check,,,,,,13-04-2024
,1742774,27023618,08-03-2024 00:00,08-03-2024 00:00,532.16,DPAY,,Debit,,,,,,13-04-2024
,2014111,27384043,07-04-2024 00:00,07-04-2024 00:00,707.54,DPAY,,Debit,,,,,,13-04-2024
,2078297,27328696,02-04-2024 00:00,02-04-2024 00:00,599.1,DPAY,,Debit,,,,,,13-04-2024
,1851443,27419524,11-04-2024 00:00,11-04-2024 00:00,100,DPAY,,Debit,,,,,,13-04-2024
,3222946,27420532,11-04-2024 00:00,11-04-2024 00:00,400,DPAY,,Debit,,,,,,13-04-2024
,2004410,26667913,08-02-2024 00:00,08-02-2024 00:00,756.24,DPAY,,Debit,,,,,,13-04-2024
,3115311,26496874,24-01-2024 00:00,24-01-2024 00:00,597.35,PNMC,Pay Near Me,Other,,,,,,13-04-2024
,1841287,27112509,15-03-2024 00:00,15-03-2024 00:00,803.75,DPAY,,Debit,,,,,,13-04-2024
,1865450,26462744,20-01-2024 00:00,20-01-2024 00:00,469.32,PNMC,Pay Near Me,Other,,,,,,13-04-2024
,2008906,26444796,19-01-2024 00:00,19-01-2024 00:00,300,PNMC,Pay Near Me,Other,,,,,,13-04-2024
,2080997,26958810,01-03-2024 00:00,01-03-2024 00:00,1000,DPAY,,Debit,,,,,,13-04-2024
,1624030,27111545,15-03-2024 00:00,15-03-2024 00:00,227.5,DPAY,,Debit,,,,,,13-04-2024
,1715259,27146229,18-03-2024 00:00,18-03-2024 00:00,769.53,DPAY,,Debit,,,,,,13-04-2024
,1512912,26655728,07-02-2024 00:00,07-02-2024 00:00,599.95,CPAY,,Check,,,,,,13-04-2024
,2019027,26486240,23-01-2024 00:00,23-01-2024 00:00,600,CPAY,,Check,,,,,,13-04-2024
,1652577,26796206,19-02-2024 00:00,19-02-2024 00:00,593,DPAY,,Debit,,,,,,13-04-2024
,1751809,26737903,14-02-2024 00:00,14-02-2024 00:00,676.58,DPAY,,Debit,,,,,,13-04-2024
,1836725,27419472,11-04-2024 00:00,10-04-2024 00:00,567.62,GAP,,Other,,,,,,13-04-2024
,1876739,26656582,07-02-2024 00:00,07-02-2024 00:00,731.65,DPAY,,Debit,,,,,,13-04-2024
,1742774,27397340,09-04-2024 00:00,09-04-2024 00:00,532.16,DPAY,,Debit,,,,,,13-04-2024
,1776939,26615105,02-02-2024 00:00,02-02-2024 00:00,772.78,DPAY,,Debit,,,,,,13-04-2024
,3206753,27444191,12-04-2024 00:00,12-04-2024 00:00,640.97,DPAY,,Debit,,,,,,13-04-2024
,3116329,26907415,28-02-2024 00:00,28-02-2024 00:00,647.04,DPAY,,Debit,,,,,,13-04-2024
,3005145,26769449,16-02-2024 00:00,16-02-2024 00:00,400,PNMC,Pay Near Me,Other,,,,,,13-04-2024
,1774124,27266765,28-03-2024 00:00,28-03-2024 00:00,200,DPAY,,Debit,,,,,,13-04-2024
,1876739,27012405,07-03-2024 00:00,07-03-2024 00:00,731.65,DPAY,,Debit,,,,,,13-04-2024
,1866003,27281914,29-03-2024 00:00,29-03-2024 00:00,762.85,DPAY,,Debit,,,,,,13-04-2024
,1849553,26476906,22-01-2024 00:00,22-01-2024 00:00,602.49,DPAY,,Debit,,,,,,13-04-2024
,2035048,27160997,19-03-2024 00:00,19-03-2024 00:00,657.82,CPAY,,Check,,,,,,13-04-2024
,1705664,27387900,08-04-2024 00:00,08-04-2024 00:00,731.9,DPAY,,Debit,,,,,,13-04-2024
,1759588,27328125,02-04-2024 00:00,02-04-2024 00:00,173.1,DPAY,,Debit,,,,,,13-04-2024
,1615293,26832226,22-02-2024 00:00,22-02-2024 00:00,200,DPAY,,Debit,,,,,,13-04-2024
,1819622,26589381,31-01-2024 00:00,31-01-2024 00:00,453.57,DPAY,,Debit,,,,,,13-04-2024
,2009694,26977472,03-03-2024 00:00,03-03-2024 00:00,639.32,DPAY,,Debit,,,,,,13-04-2024
,1879840,26418128,17-01-2024 00:00,17-01-2024 00:00,10171,AUCT,,Other,,,,,,13-04-2024
,1842913,27383972,07-04-2024 00:00,07-04-2024 00:00,495.79,CPAY,,Check,,,,,,13-04-2024
,3104078,26590450,31-01-2024 00:00,31-01-2024 00:00,645.43,DPAY,,Debit,,,,,,13-04-2024
,2008906,27191521,21-03-2024 00:00,21-03-2024 00:00,400,PNMC,Pay Near Me,Other,,,,,,13-04-2024
,1638246,27011692,07-03-2024 00:00,07-03-2024 00:00,17988.17,ICPO,Insurance Pymt/Pyoff,Other,,,,,,13-04-2024
,1745645,26957844,01-03-2024 00:00,01-03-2024 00:00,568.69,DPAY,,Debit,,,,,,13-04-2024
,1479641,27327514,02-04-2024 00:00,02-04-2024 00:00,450,DPAY,,Debit,,,,,,13-04-2024
,1710672,27389715,08-04-2024 00:00,08-04-2024 00:00,975,WAR0,,Other,,,,,,13-04-2024
,1630128,26847633,23-02-2024 00:00,23-02-2024 00:00,562,DPAY,,Debit,,,,,,13-04-2024
,1652577,26443550,19-01-2024 00:00,19-01-2024 00:00,593,DPAY,,Debit,,,,,,13-04-2024
,1635218,27160131,19-03-2024 00:00,18-03-2024 00:00,820,PNMC,Pay Near Me,Other,,,,,,13-04-2024
,2019375,27097305,14-03-2024 00:00,14-03-2024 00:00,550,DPAY,,Debit,,,,,,13-04-2024
,1514611,27359618,05-04-2024 00:00,04-04-2024 00:00,1795,WAR,,Other,,,,,,13-04-2024
,1450774,26766790,16-02-2024 00:00,16-02-2024 00:00,283.32,DPAY,,Debit,,,,,,13-04-2024
,1776939,27023801,08-03-2024 00:00,08-03-2024 00:00,760.83,DPAY,,Debit,,,,,,13-04-2024
,1543230,26657896,07-02-2024 00:00,07-02-2024 00:00,100,DPAY,,Debit,,,,,,13-04-2024
,1879790,27082155,12-03-2024 00:00,12-03-2024 00:00,10502.5,AUCT,,Other,,,,,,13-04-2024
,1790112,27012079,07-03-2024 00:00,07-03-2024 00:00,690.98,DPAY,,Debit,,,,,,13-04-2024
,1872506,27397618,09-04-2024 00:00,09-04-2024 00:00,640.23,DPAY,,Debit,,,,,,13-04-2024
,1582907,27096362,14-03-2024 00:00,14-03-2024 00:00,304,DPAY,,Debit,,,,,,13-04-2024
,1832773,26631615,04-02-2024 00:00,04-02-2024 00:00,619.27,CPAY,,Check,,,,,,13-04-2024
,1823756,26788284,17-02-2024 00:00,17-02-2024 00:00,765.46,PYMG,MoneyGram Payment,Other,,,,,,13-04-2024
,1807932,26890122,27-02-2024 00:00,27-02-2024 00:00,879.31,DPAY,,Debit,,,,,,13-04-2024
,1591981,27300612,30-03-2024 00:00,30-03-2024 00:00,121,DPAY,,Debit,,,,,,13-04-2024
,1736164,26396321,15-01-2024 00:00,15-01-2024 00:00,687.74,CPAY,,Check,,,,,,13-04-2024
,1604099,26981412,04-03-2024 00:00,04-03-2024 00:00,650,PNMC,Pay Near Me,Other,,,,,,13-04-2024
,1815539,27320924,01-04-2024 00:00,01-04-2024 00:00,510,DPAY,,Debit,,,,,,13-04-2024
,1761246,26396412,15-01-2024 00:00,15-01-2024 00:00,722.73,DPAY,,Debit,,,,,,13-04-2024
,1819622,26906271,28-02-2024 00:00,28-02-2024 00:00,50,DPAY,,Debit,,,,,,13-04-2024
,1560903,27000234,06-03-2024 00:00,06-03-2024 00:00,200,DPAY,,Debit,,,,,,13-04-2024
,3017618,26755040,15-02-2024 00:00,15-02-2024 00:00,776,DPAY,,Debit,,,,,,13-04-2024
,1785732,26768022,16-02-2024 00:00,16-02-2024 00:00,649.05,DPAY,,Debit,,,,,,13-04-2024
,1648039,26981500,04-03-2024 00:00,04-03-2024 00:00,513.8,CPAY,,Check,,,,,,13-04-2024
,1420058,27082457,13-03-2024 00:00,13-03-2024 00:00,476.12,CPAY,,Check,,,,,,13-04-2024
,1804954,26990994,05-03-2024 00:00,05-03-2024 00:00,680.68,DPAY,,Debit,,,,,,13-04-2024
,1710771,26981646,04-03-2024 00:00,04-03-2024 00:00,646.97,DPAY,,Debit,,,,,,13-04-2024
,1591171,27128869,16-03-2024 00:00,16-03-2024 00:00,500,DPAY,,Debit,,,,,,13-04-2024
,1832773,26981989,04-03-2024 00:00,04-03-2024 00:00,619.27,CPAY,,Check,,,,,,13-04-2024
,2062241,27070407,12-03-2024 00:00,11-03-2024 00:00,763.72,PNMC,Pay Near Me,Other,,,,,,13-04-2024
,3112101,27250537,26-03-2024 00:00,26-03-2024 00:00,603.49,DPAY,,Debit,,,,,,13-04-2024
,1692797,26635227,05-02-2024 00:00,05-02-2024 00:00,817.15,DPAY,,Debit,,,,,,13-04-2024
,1815539,27301022,30-03-2024 00:00,29-03-2024 00:00,3990,PYMG,MoneyGram Payment,Other,,,,,,13-04-2024
,1722081,27069803,12-03-2024 00:00,11-03-2024 00:00,597.91,PNMC,Pay Near Me,Other,,,,,,13-04-2024
,3015673,27147431,18-03-2024 00:00,18-03-2024 00:00,675.55,DPAY,,Debit,,,,,,13-04-2024
,1568740,26552788,29-01-2024 00:00,29-01-2024 00:00,760,DPAY,,Debit,,,,,,13-04-2024
,1609239,27068964,11-03-2024 00:00,11-03-2024 00:00,2500,DPAY,,Debit,,,,,,13-04-2024
,2019375,26392031,14-01-2024 00:00,14-01-2024 00:00,550,DPAY,,Debit,,,,,,13-04-2024
,2062427,27218189,23-03-2024 00:00,23-03-2024 00:00,407.42,DPAY,,Debit,,,,,,13-04-2024
,2062472,26679426,09-02-2024 00:00,09-02-2024 00:00,710.48,DPAY,,Debit,,,,,,13-04-2024
,1571330,26634931,05-02-2024 00:00,05-02-2024 00:00,645.64,PNMC,Pay Near Me,Other,,,,,,13-04-2024
,1844281,27160761,19-03-2024 00:00,18-03-2024 00:00,709.33,PNMC,Pay Near Me,Other,,,,,,13-04-2024
,2062241,26679423,09-02-2024 00:00,09-02-2024 00:00,763.12,PNMC,Pay Near Me,Other,,,,,,13-04-2024
,1720812,27176712,20-03-2024 00:00,20-03-2024 00:00,811.82,DPAY,,Debit,,,,,,13-04-2024
,1582907,27441825,12-04-2024 00:00,12-04-2024 00:00,304,DPAY,,Debit,,,,,,13-04-2024
,1675065,26819441,21-02-2024 00:00,21-02-2024 00:00,780.5,DPAY,,Debit,,,,,,13-04-2024
,1630128,27111563,15-03-2024 00:00,15-03-2024 00:00,360.28,DPAY,,Debit,,,,,,13-04-2024
,1774124,27313935,31-03-2024 00:00,31-03-2024 00:00,140,DPAY,,Debit,,,,,,13-04-2024
,1590611,26715516,13-02-2024 00:00,13-02-2024 00:00,300,DPAY,,Debit,,,,,,13-04-2024
,1776939,26667542,08-02-2024 00:00,08-02-2024 00:00,50,DPAY,,Debit,,,,,,13-04-2024
,1702836,26832485,22-02-2024 00:00,22-02-2024 00:00,60,DPAY,,Debit,,,,,,13-04-2024
,2062427,27112996,15-03-2024 00:00,15-03-2024 00:00,427.8,DPAY,,Debit,,,,,,13-04-2024
,2040909,27225689,24-03-2024 00:00,24-03-2024 00:00,842,DPAY,,Debit,,,,,,13-04-2024
,1815539,26600924,01-02-2024 00:00,01-02-2024 00:00,509.24,DPAY,,Debit,,,,,,13-04-2024
,1861749,26833096,22-02-2024 00:00,22-02-2024 00:00,344.72,GAP0,,Other,,,,,,13-04-2024
,1522374,27441661,12-04-2024 00:00,12-04-2024 00:00,150,DPAY,,Debit,,,,,,13-04-2024
,3025115,27250315,26-03-2024 00:00,26-03-2024 00:00,592.91,DPAY,,Debit,,,,,,13-04-2024
,2062472,27037599,09-03-2024 00:00,09-03-2024 00:00,710.48,DPAY,,Debit,,,,,,13-04-2024
,1517812,26766990,16-02-2024 00:00,16-02-2024 00:00,531.06,DPAY,,Debit,,,,,,13-04-2024
,1853241,27129515,16-03-2024 00:00,16-03-2024 00:00,659.06,DPAY,,Debit,,,,,,13-04-2024
,1675073,27442089,12-04-2024 00:00,12-04-2024 00:00,500,DPAY,,Debit,,,,,,13-04-2024
,3143371,26891090,27-02-2024 00:00,27-02-2024 00:00,660.54,DPAY,,Debit,,,,,,13-04-2024
,1672161,27111717,15-03-2024 00:00,15-03-2024 00:00,400,PNMC,Pay Near Me,Other,,,,,,13-04-2024
,1653419,27419038,11-04-2024 00:00,11-04-2024 00:00,526.07,DPAY,,Debit,,,,,,13-04-2024
,3185058,27389170,08-04-2024 00:00,08-04-2024 00:00,586.1,DPAY,,Debit,,,,,,13-04-2024
,1450154,26563704,30-01-2024 00:00,30-01-2024 00:00,555,PNMC,Pay Near Me,Other,,,,,,13-04-2024
,1785781,27096896,14-03-2024 00:00,14-03-2024 00:00,657.68,DPAY,,Debit,,,,,,13-04-2024
,1840867,26967797,02-03-2024 00:00,02-03-2024 00:00,596.98,DPAY,,Debit,,,,,,13-04-2024
,1785732,27129296,16-03-2024 00:00,16-03-2024 00:00,649.06,DPAY,,Debit,,,,,,13-04-2024
,1785781,26737997,14-02-2024 00:00,14-02-2024 00:00,657.68,DPAY,,Debit,,,,,,13-04-2024
,3030809,26849555,23-02-2024 00:00,23-02-2024 00:00,649.3,DPAY,,Debit,,,,,,13-04-2024
,1638246,26415896,17-01-2024 00:00,17-01-2024 00:00,583.05,CPAY,,Check,,,,,,13-04-2024
,2037324,26991440,05-03-2024 00:00,05-03-2024 00:00,787.19,DPAY,,Debit,,,,,,13-04-2024
,1648039,27348880,04-04-2024 00:00,04-04-2024 00:00,513.8,CPAY,,Check,,,,,,13-04-2024
,2019027,27218082,23-03-2024 00:00,23-03-2024 00:00,600,CPAY,,Check,,,,,,13-04-2024
,1648641,26981502,04-03-2024 00:00,04-03-2024 00:00,610.91,DPAY,,Debit,,,,,,13-04-2024
,1702836,26476498,22-01-2024 00:00,22-01-2024 00:00,647.35,DPAY,,Debit,,,,,,13-04-2024
,1675065,27327910,02-04-2024 00:00,02-04-2024 00:00,819.52,CPAY,,Check,,,,,,13-04-2024
,1531425,26967154,02-03-2024 00:00,02-03-2024 00:00,600,PNMC,Pay Near Me,Other,,,,,,13-04-2024
,1450774,27082516,13-03-2024 00:00,13-03-2024 00:00,283.32,DPAY,,Debit,,,,,,13-04-2024
,1821743,26848383,23-02-2024 00:00,23-02-2024 00:00,775.69,DPAY,,Debit,,,,,,13-04-2024
,1845379,27191348,21-03-2024 00:00,21-03-2024 00:00,495,DPAY,,Debit,,,,,,13-04-2024
,1510692,27228836,25-03-2024 00:00,25-03-2024 00:00,540,DPAY,,Debit,,,,,,13-04-2024
,3149104,27161648,19-03-2024 00:00,18-03-2024 00:00,645.77,PNMC,Pay Near Me,Other,,,,,,13-04-2024
,1821743,26678848,09-02-2024 00:00,09-02-2024 00:00,814.47,DPAY,,Debit,,,,,,13-04-2024
,1784859,26427900,18-01-2024 00:00,12-01-2024 00:00,14700,QACS,,Other,,,,,,13-04-2024
,3005508,27230285,25-03-2024 00:00,25-03-2024 00:00,600,DPAY,,Debit,,,,,,13-04-2024
,1804954,27373124,06-04-2024 00:00,06-04-2024 00:00,680.68,DPAY,,Debit,,,,,,13-04-2024
,1841642,26547825,28-01-2024 00:00,28-01-2024 00:00,662.64,DPAY,,Debit,,,,,,13-04-2024
,1590611,27111413,15-03-2024 00:00,15-03-2024 00:00,317.28,DPAY,,Debit,,,,,,13-04-2024
,2008645,27146930,18-03-2024 00:00,18-03-2024 00:00,560.05,DPAY,,Debit,,,,,,13-04-2024
,3025115,26565460,30-01-2024 00:00,30-01-2024 00:00,592.91,DPAY,,Debit,,,,,,13-04-2024
,2040822,26906699,28-02-2024 00:00,28-02-2024 00:00,520,DPAY,,Debit,,,,,,13-04-2024
,1517812,26412420,16-01-2024 00:00,16-01-2024 00:00,531.06,DPAY,,Debit,,,,,,13-04-2024
,1836725,26848448,23-02-2024 00:00,23-02-2024 00:00,29014.54,DLRT,Dlr Trade-In Payoff,Other,,,,,,13-04-2024
,3131732,27161616,19-03-2024 00:00,19-03-2024 00:00,689.94,DPAY,,Debit,,,,,,13-04-2024
,1675065,26472899,21-01-2024 00:00,21-01-2024 00:00,780.5,DPAY,,Debit,,,,,,13-04-2024
,1841287,26754194,15-02-2024 00:00,15-02-2024 00:00,803.75,DPAY,,Debit,,,,,,13-04-2024
,1753268,27129212,16-03-2024 00:00,16-03-2024 00:00,589.95,CPAY,,Check,,,,,,13-04-2024
,2062124,27037594,09-03-2024 00:00,09-03-2024 00:00,771.87,DPAY,,Debit,,,,,,13-04-2024
,3116329,26554384,29-01-2024 00:00,29-01-2024 00:00,647.04,DPAY,,Debit,,,,,,13-04-2024
,2037324,26716422,13-02-2024 00:00,13-02-2024 00:00,826.54,DPAY,,Debit,,,,,,13-04-2024
,1840644,26820030,21-02-2024 00:00,21-02-2024 00:00,580.51,CPAY,,Check,,,,,,13-04-2024
,1851443,27160784,19-03-2024 00:00,19-03-2024 00:00,250,DPAY,,Debit,,,,,,13-04-2024
,1733039,27387972,08-04-2024 00:00,08-04-2024 00:00,572.71,CPAY,,Check,,,,,,13-04-2024
,3104026,27218519,23-03-2024 00:00,23-03-2024 00:00,724.86,DPAY,,Debit,,,,,,13-04-2024
,3011780,26636359,05-02-2024 00:00,05-02-2024 00:00,745.96,PNMC,Pay Near Me,Other,,,,,,13-04-2024
,1759588,27191052,21-03-2024 00:00,21-03-2024 00:00,350,DPAY,,Debit,,,,,,13-04-2024
,3001682,26968174,02-03-2024 00:00,02-03-2024 00:00,500,DPAY,,Debit,,,,,,13-04-2024
,1823756,26416500,17-01-2024 00:00,17-01-2024 00:00,770,PYMG,MoneyGram Payment,Other,,,,,,13-04-2024
,3013728,26445592,19-01-2024 00:00,19-01-2024 00:00,539.91,DPAY,,Debit,,,,,,13-04-2024
,1451624,26461644,20-01-2024 00:00,20-01-2024 00:00,441.56,DPAY,,Debit,,,,,,13-04-2024
,1842095,26473180,21-01-2024 00:00,20-01-2024 00:00,440.9,DPAY,,Debit,,,,,,13-04-2024
,3158571,27444068,12-04-2024 00:00,12-04-2024 00:00,537.04,DPAY,,Debit,,,,,,13-04-2024
,3158571,27444068,12-04-2024 00:00,12-04-2024 00:00,537.04,DPAY,,Debit,,,,,,13-04-2024
,1833870,26768347,16-02-2024 00:00,16-02-2024 00:00,862.6,DPAY,,Debit,,,,,,13-04-2024
,1847664,27383979,07-04-2024 00:00,07-04-2024 00:00,582.17,DPAY,,Debit,,,,,,13-04-2024
,1528736,26666972,08-02-2024 00:00,08-02-2024 00:00,578.1,PNMC,Pay Near Me,Other,,,,,,13-04-2024
,1854561,26644272,06-02-2024 00:00,06-02-2024 00:00,701.29,DPAY,,Debit,,,,,,13-04-2024
,1730944,26924912,29-02-2024 00:00,29-02-2024 00:00,702.8,DPAY,,Debit,,,,,,13-04-2024
,3032328,27147494,18-03-2024 00:00,18-03-2024 00:00,640.99,DPAY,,Debit,,,,,,13-04-2024
,1622067,26443415,19-01-2024 00:00,19-01-2024 00:00,585,PNMC,Pay Near Me,Other,,,,,,13-04-2024
,1807932,27253825,27-03-2024 00:00,27-03-2024 00:00,879.31,DPAY,,Debit,,,,,,13-04-2024
,1560903,26395830,15-01-2024 00:00,15-01-2024 00:00,400,DPAY,,Debit,,,,,,13-04-2024
,1845379,26806108,20-02-2024 00:00,20-02-2024 00:00,200,DPAY,,Debit,,,,,,13-04-2024
,1801067,26678746,09-02-2024 00:00,09-02-2024 00:00,300,PNMC,Pay Near Me,Other,,,,,,13-04-2024
,1733435,26462252,20-01-2024 00:00,20-01-2024 00:00,650.59,DPAY,,Debit,,,,,,13-04-2024
,1782093,26925124,29-02-2024 00:00,29-02-2024 00:00,869.91,DPAY,,Debit,,,,,,13-04-2024
,2078299,26806455,20-02-2024 00:00,20-02-2024 00:00,835.85,DPAY,,Debit,,,,,,13-04-2024
,1854561,26890255,27-02-2024 00:00,27-02-2024 00:00,701.29,DPAY,,Debit,,,,,,13-04-2024
,2091588,27328712,02-04-2024 00:00,02-04-2024 00:00,677.98,DPAY,,Debit,,,,,,13-04-2024
,1568740,27300581,30-03-2024 00:00,30-03-2024 00:00,400,DPAY,,Debit,,,,,,13-04-2024
,2041981,26716433,13-02-2024 00:00,13-02-2024 00:00,743.44,PNMC,Pay Near Me,Other,,,,,,13-04-2024
,2079566,26428692,18-01-2024 00:00,18-01-2024 00:00,34,PNMC,Pay Near Me,Other,,,,,,13-04-2024
,2036117,27321263,01-04-2024 00:00,01-04-2024 00:00,755.77,DPAY,,Debit,,,,,,13-04-2024
,1450774,26415343,17-01-2024 00:00,17-01-2024 00:00,283.32,DPAY,,Debit,,,,,,13-04-2024
,2027390,27121734,15-03-2024 00:00,15-03-2024 00:00,9590,AUCT,,Other,,,,,,13-04-2024
,2019329,26754494,15-02-2024 00:00,15-02-2024 00:00,913.54,DPAY,,Debit,,,,,,13-04-2024
,1732528,26667426,08-02-2024 00:00,08-02-2024 00:00,629.31,DPAY,,Debit,,,,,,13-04-2024
,1759588,26796576,19-02-2024 00:00,19-02-2024 00:00,350,DPAY,,Debit,,,,,,13-04-2024
,2008645,26428419,18-01-2024 00:00,18-01-2024 00:00,560.05,DPAY,,Debit,,,,,,13-04-2024
,1740109,27337139,03-04-2024 00:00,03-04-2024 00:00,601.92,DPAY,,Debit,,,,,,13-04-2024
,1833870,26413270,16-01-2024 00:00,16-01-2024 00:00,862.6,DPAY,,Debit,,,,,,13-04-2024
,1733864,26832574,22-02-2024 00:00,22-02-2024 00:00,470.06,DPAY,,Debit,,,,,,13-04-2024
,1742774,26678456,09-02-2024 00:00,09-02-2024 00:00,532.16,DPAY,,Debit,,,,,,13-04-2024
,1522200,26712741,12-02-2024 00:00,12-02-2024 00:00,547.11,DPAY,,Debit,,,,,,13-04-2024
,1638964,26789787,18-02-2024 00:00,18-02-2024 00:00,617.3,DPAY,,Debit,,,,,,13-04-2024
,3018560,27338203,03-04-2024 00:00,03-04-2024 00:00,461.91,PYMG,MoneyGram Payment,Other,,,,,,13-04-2024
,1851443,26806139,20-02-2024 00:00,20-02-2024 00:00,400,DPAY,,Debit,,,,,,13-04-2024
,1506179,27058577,11-03-2024 00:00,11-03-2024 00:00,600,DPAY,,Debit,,,,,,13-04-2024
,3013728,27218392,23-03-2024 00:00,23-03-2024 00:00,539.91,DPAY,,Debit,,,,,,13-04-2024
,3131999,27121133,15-03-2024 00:00,15-03-2024 00:00,662.68,DPAY,,Debit,,,,,,13-04-2024
,2091588,26968065,02-03-2024 00:00,02-03-2024 00:00,677.98,DPAY,,Debit,,,,,,13-04-2024
,2000759,26848724,23-02-2024 00:00,23-02-2024 00:00,671.51,DPAY,,Debit,,,,,,13-04-2024
,2080997,27321364,01-04-2024 00:00,01-04-2024 00:00,1000,DPAY,,Debit,,,,,,13-04-2024
,1692797,27011822,07-03-2024 00:00,07-03-2024 00:00,817.15,DPAY,,Debit,,,,,,13-04-2024
,3030704,26968211,02-03-2024 00:00,02-03-2024 00:00,701.05,DPAY,,Debit,,,,,,13-04-2024
,1840644,26473177,21-01-2024 00:00,21-01-2024 00:00,580.51,CPAY,,Check,,,,,,13-04-2024
,1660612,26667241,08-02-2024 00:00,08-02-2024 00:00,550.42,PNMC,Pay Near Me,Other,,,,,,13-04-2024
,2082904,27384121,07-04-2024 00:00,07-04-2024 00:00,1000,PNMC,Pay Near Me,Other,,,,,,13-04-2024
,1694397,27190881,21-03-2024 00:00,21-03-2024 00:00,690.95,DPAY,,Debit,,,,,,13-04-2024
,1750199,27389716,08-04-2024 00:00,08-04-2024 00:00,1415,WAR0,,Other,,,,,,13-04-2024
,1695477,27300767,30-03-2024 00:00,30-03-2024 00:00,635.48,DPAY,,Debit,,,,,,13-04-2024
,1832773,27349319,04-04-2024 00:00,04-04-2024 00:00,619.27,CPAY,,Check,,,,,,13-04-2024
,1693217,27397263,09-04-2024 00:00,09-04-2024 00:00,593.24,DPAY,,Debit,,,,,,13-04-2024
,1624030,26767330,16-02-2024 00:00,16-02-2024 00:00,227.5,DPAY,,Debit,,,,,,13-04-2024
,1605435,27145922,18-03-2024 00:00,18-03-2024 00:00,667.87,DPAY,,Debit,,,,,,13-04-2024
,3018560,26982571,04-03-2024 00:00,04-03-2024 00:00,461,PYMG,MoneyGram Payment,Other,,,,,,13-04-2024
,1453893,26461646,20-01-2024 00:00,20-01-2024 00:00,365,DPAY,,Debit,,,,,,13-04-2024
,1785781,26391819,14-01-2024 00:00,14-01-2024 00:00,657.68,DPAY,,Debit,,,,,,13-04-2024
,1632736,26667176,08-02-2024 00:00,08-02-2024 00:00,554.04,DPAY,,Debit,,,,,,13-04-2024
,3116329,27230556,25-03-2024 00:00,25-03-2024 00:00,647.04,DPAY,,Debit,,,,,,13-04-2024
,2045226,26428566,18-01-2024 00:00,18-01-2024 00:00,619.07,DPAY,,Debit,,,,,,13-04-2024
,1518885,26831949,22-02-2024 00:00,22-02-2024 00:00,539,DPAY,,Debit,,,,,,13-04-2024
,1636067,26635079,05-02-2024 00:00,05-02-2024 00:00,650,DPAY,,Debit,,,,,,13-04-2024
,1522374,27407634,10-04-2024 00:00,10-04-2024 00:00,100,DPAY,,Debit,,,,,,13-04-2024
,1845379,26982028,04-03-2024 00:00,04-03-2024 00:00,80,DPAY,,Debit,,,,,,13-04-2024
,1880384,27267223,28-03-2024 00:00,28-03-2024 00:00,801.94,DPAY,,Debit,,,,,,13-04-2024
,1847664,26656465,07-02-2024 00:00,07-02-2024 00:00,582.17,DPAY,,Debit,,,,,,13-04-2024
,1869932,26413437,16-01-2024 00:00,16-01-2024 00:00,260,DPAY,,Debit,,,,,,13-04-2024
,1737568,27383843,07-04-2024 00:00,07-04-2024 00:00,731.1,DPAY,,Debit,,,,,,13-04-2024
,1420058,26805009,20-02-2024 00:00,20-02-2024 00:00,476.12,PYLB,Lock Box Payment,Mail,,,,,,13-04-2024
,1420058,27407484,10-04-2024 00:00,10-04-2024 00:00,476.12,CPAY,,Check,,,,,,13-04-2024
,1797364,27358272,04-04-2024 00:00,04-04-2024 00:00,1109.92,WAR0,,Other,,,,,,13-04-2024
,1674126,26796265,19-02-2024 00:00,19-02-2024 00:00,513.01,DPAY,,Debit,,,,,,13-04-2024
,1872159,27012389,07-03-2024 00:00,07-03-2024 00:00,656,DPAY,,Debit,,,,,,13-04-2024
,1582907,26737485,14-02-2024 00:00,14-02-2024 00:00,304,DPAY,,Debit,,,,,,13-04-2024
,1774124,26832699,22-02-2024 00:00,21-02-2024 00:00,696.88,DPAY,,Debit,,,,,,13-04-2024
,1866003,26967874,02-03-2024 00:00,02-03-2024 00:00,100,DPAY,,Debit,,,,,,13-04-2024
,2051930,27388545,08-04-2024 00:00,08-04-2024 00:00,781.11,DPAY,,Debit,,,,,,13-04-2024
,1760842,27112094,15-03-2024 00:00,15-03-2024 00:00,553.58,DPAY,,Debit,,,,,,13-04-2024
,3005145,27161357,19-03-2024 00:00,18-03-2024 00:00,300,PNMC,Pay Near Me,Other,,,,,,13-04-2024
,2079566,26565158,30-01-2024 00:00,30-01-2024 00:00,644.34,PNMC,Pay Near Me,Other,,,,,,13-04-2024
,1847664,27012291,07-03-2024 00:00,07-03-2024 00:00,582.17,DPAY,,Debit,,,,,,13-04-2024
,3005508,27420033,11-04-2024 00:00,11-04-2024 00:00,600,DPAY,,Debit,,,,,,13-04-2024
,1741644,26396335,15-01-2024 00:00,14-01-2024 00:00,500,PNMC,Pay Near Me,Other,,,,,,13-04-2024
,3079410,26445767,19-01-2024 00:00,19-01-2024 00:00,660.16,DPAY,,Debit,,,,,,13-04-2024
,1786201,26510439,25-01-2024 00:00,25-01-2024 00:00,754,DPAY,,Debit,,,,,,13-04-2024
,1710011,27229346,25-03-2024 00:00,25-03-2024 00:00,23278.86,PYMP,Customer Mail Pmyt,Mail,,,,,,13-04-2024
,1488246,26631235,04-02-2024 00:00,04-02-2024 00:00,586.96,DPAY,,Debit,,,,,,13-04-2024
,2050736,26872971,25-02-2024 00:00,25-02-2024 00:00,788.42,DPAY,,Debit,,,,,,13-04-2024
,1705664,26667347,08-02-2024 00:00,08-02-2024 00:00,731.9,CPAY,,Check,,,,,,13-04-2024
,1563451,27082700,13-03-2024 00:00,13-03-2024 00:00,570.67,DPAY,,Debit,,,,,,13-04-2024
,1862093,27146815,18-03-2024 00:00,18-03-2024 00:00,668.09,DPAY,,Debit,,,,,,13-04-2024
,1733864,26476558,22-01-2024 00:00,22-01-2024 00:00,470.06,DPAY,,Debit,,,,,,13-04-2024
,1705664,27023380,08-03-2024 00:00,08-03-2024 00:00,783.49,DPAY,,Debit,,,,,,13-04-2024
,1736164,27112011,15-03-2024 00:00,15-03-2024 00:00,687.74,CPAY,,Check,,,,,,13-04-2024
,2040276,27250047,26-03-2024 00:00,26-03-2024 00:00,300,DPAY,,Debit,,,,,,13-04-2024
,1610450,27036967,09-03-2024 00:00,09-03-2024 00:00,692.03,DPAY,,Debit,,,,,,13-04-2024
,1675073,27111734,15-03-2024 00:00,15-03-2024 00:00,693.51,DPAY,,Debit,,,,,,13-04-2024
,2019329,26396943,15-01-2024 00:00,15-01-2024 00:00,913.54,DPAY,,Debit,,,,,,13-04-2024
,1703669,27214416,22-03-2024 00:00,22-03-2024 00:00,500,DPAY,,Debit,,,,,,13-04-2024
,1710771,26624651,03-02-2024 00:00,03-02-2024 00:00,743.99,DPAY,,Debit,,,,,,13-04-2024
,1522267,26537568,27-01-2024 00:00,27-01-2024 00:00,428.67,DPAY,,Debit,,,,,,13-04-2024
,1777663,26767992,16-02-2024 00:00,16-02-2024 00:00,539.73,DPAY,,Debit,,,,,,13-04-2024
,2009694,26716359,13-02-2024 00:00,13-02-2024 00:00,671.28,DPAY,,Debit,,,,,,13-04-2024
,1862705,27337594,03-04-2024 00:00,02-04-2024 00:00,668,PNMC,Pay Near Me,Other,,,,,,13-04-2024
,1854561,27249871,26-03-2024 00:00,26-03-2024 00:00,701.29,DPAY,,Debit,,,,,,13-04-2024
,1636067,26819330,21-02-2024 00:00,21-02-2024 00:00,18708.66,REFI,,Other,,,,,,13-04-2024
,3112101,26527397,26-01-2024 00:00,26-01-2024 00:00,603.49,DPAY,,Debit,,,,,,13-04-2024
,3017618,27097763,14-03-2024 00:00,14-03-2024 00:00,825.44,DPAY,,Debit,,,,,,13-04-2024
,1789841,26906154,28-02-2024 00:00,28-02-2024 00:00,684.47,DPAY,,Debit,,,,,,13-04-2024
,1715259,26600619,01-02-2024 00:00,01-02-2024 00:00,269.53,DPAY,,Debit,,,,,,13-04-2024
,3030809,26445627,19-01-2024 00:00,19-01-2024 00:00,649.3,DPAY,,Debit,,,,,,13-04-2024
,1777887,26762956,15-02-2024 00:00,15-02-2024 00:00,1750,WAR0,,Other,,,,,,13-04-2024
,1751809,26391755,14-01-2024 00:00,14-01-2024 00:00,676.58,DPAY,,Debit,,,,,,13-04-2024
,1484690,26805141,20-02-2024 00:00,20-02-2024 00:00,438.29,DPAY,,Debit,,,,,,13-04-2024
,1475854,27111092,15-03-2024 00:00,15-03-2024 00:00,575.86,DPAY,,Debit,,,,,,13-04-2024
,1510007,26485143,23-01-2024 00:00,23-01-2024 00:00,583.19,DPAY,,Debit,,,,,,13-04-2024
,1484690,26461697,20-01-2024 00:00,20-01-2024 00:00,438.29,DPAY,,Debit,,,,,,13-04-2024
,1484690,27176234,20-03-2024 00:00,20-03-2024 00:00,438.29,DPAY,,Debit,,,,,,13-04-2024
,1511914,26753114,15-02-2024 00:00,15-02-2024 00:00,468.74,DPAY,,Debit,,,,,,13-04-2024
,1511914,27111186,15-03-2024 00:00,15-03-2024 00:00,468.74,DPAY,,Debit,,,,,,13-04-2024
,1229764,26737000,14-02-2024 00:00,14-02-2024 00:00,515.91,DPAY,,Debit,,,,,,13-04-2024
,1511914,26395731,15-01-2024 00:00,15-01-2024 00:00,468.74,DPAY,,Debit,,,,,,13-04-2024
,1229764,27216894,23-03-2024 00:00,23-03-2024 00:00,513.91,DPAY,,Debit,,,,,,13-04-2024
,1456490,27058491,11-03-2024 00:00,11-03-2024 00:00,681.45,PNMC,Pay Near Me,Other,,,,,,13-04-2024
,1510007,26861927,24-02-2024 00:00,24-02-2024 00:00,583.19,DPAY,,Debit,,,,,,13-04-2024
,1450535,26989929,05-03-2024 00:00,05-03-2024 00:00,686,PNMC,Pay Near Me,Other,,,,,,13-04-2024
,1475854,27441558,12-04-2024 00:00,12-04-2024 00:00,575.86,DPAY,,Debit,,,,,,13-04-2024
,1450535,27336381,03-04-2024 00:00,03-04-2024 00:00,700,PNMC,Pay Near Me,Other,,,,,,13-04-2024
,1510007,27228831,25-03-2024 00:00,25-03-2024 00:00,583.19,DPAY,,Debit,,,,,,13-04-2024
,1450535,26494855,24-01-2024 00:00,24-01-2024 00:00,685,PNMC,Pay Near Me,Other,,,,,,13-04-2024
,1475854,26677604,09-02-2024 00:00,09-02-2024 00:00,575.86,DPAY,,Debit,,,,,,13-04-2024
,1456490,26698655,10-02-2024 00:00,10-02-2024 00:00,681.45,PNMC,Pay Near Me,Other,,,,,,13-04-2024
,1861467,27360903,05-04-2024 00:00,05-04-2024 00:00,595.9,DPAY,,Debit,,,,,,13-04-2024
,1854744,26754259,15-02-2024 00:00,15-02-2024 00:00,535.52,DPAY,,Debit,,,,,,13-04-2024
,3068309,27070816,12-03-2024 00:00,12-03-2024 00:00,530,DPAY,,Debit,,,,,,13-04-2024
,3068309,26821096,21-02-2024 00:00,21-02-2024 00:00,526.18,DPAY,,Debit,,,,,,13-04-2024
,1852938,26486077,23-01-2024 00:00,22-01-2024 00:00,490,DPAY,,Debit,,,,,,13-04-2024
,1854744,27097129,14-03-2024 00:00,13-03-2024 00:00,535.52,DPAY,,Debit,,,,,,13-04-2024
,1881721,26656600,07-02-2024 00:00,07-02-2024 00:00,742.2,CPAY,,Check,,,,,,13-04-2024
,2051548,27267383,28-03-2024 00:00,28-03-2024 00:00,598.1,DPAY,,Debit,,,,,,13-04-2024
,3133075,27178022,20-03-2024 00:00,20-03-2024 00:00,686.4,DPAY,,Debit,,,,,,13-04-2024
,1881721,27012422,07-03-2024 00:00,07-03-2024 00:00,742.2,CPAY,,Check,,,,,,13-04-2024
,1856418,26754273,15-02-2024 00:00,15-02-2024 00:00,447.12,PYMG,MoneyGram Payment,Other,,,,,,13-04-2024
,2051548,26890467,27-02-2024 00:00,27-02-2024 00:00,598.1,DPAY,,Debit,,,,,,13-04-2024
,2051548,26526578,26-01-2024 00:00,26-01-2024 00:00,598.1,DPAY,,Debit,,,,,,13-04-2024
,1852938,26788376,17-02-2024 00:00,17-02-2024 00:00,116.8,DPAY,,Debit,,,,,,13-04-2024
,3133075,26807008,20-02-2024 00:00,20-02-2024 00:00,686.4,DPAY,,Debit,,,,,,13-04-2024
,2001577,27267233,28-03-2024 00:00,28-03-2024 00:00,651.34,DPAY,,Debit,,,,,,13-04-2024
,1881796,27301203,30-03-2024 00:00,30-03-2024 00:00,746.55,DPAY,,Debit,,,,,,13-04-2024
,1856418,27142313,17-03-2024 00:00,17-03-2024 00:00,447.12,PYMG,MoneyGram Payment,Other,,,,,,13-04-2024
,1852938,26754249,15-02-2024 00:00,15-02-2024 00:00,300,DPAY,,Debit,,,,,,13-04-2024
,1852938,26820097,21-02-2024 00:00,21-02-2024 00:00,378.18,DPAY,,Debit,,,,,,13-04-2024
,3068309,26429254,18-01-2024 00:00,18-01-2024 00:00,526.18,DPAY,,Debit,,,,,,13-04-2024
,1861467,26656525,07-02-2024 00:00,06-02-2024 00:00,560,PNMC,Pay Near Me,Other,,,,,,13-04-2024
,1881721,27384033,07-04-2024 00:00,07-04-2024 00:00,742.2,CPAY,,Check,,,,,,13-04-2024
,1881796,26848720,23-02-2024 00:00,23-02-2024 00:00,500.5,DPAY,,Debit,,,,,,13-04-2024
,1854744,26416641,17-01-2024 00:00,17-01-2024 00:00,535.52,DPAY,,Debit,,,,,,13-04-2024
,2001577,26553710,29-01-2024 00:00,29-01-2024 00:00,651.34,DPAY,,Debit,,,,,,13-04-2024
,1881796,27112766,15-03-2024 00:00,15-03-2024 00:00,221.56,DPAY,,Debit,,,,,,13-04-2024
,2001577,26906603,28-02-2024 00:00,28-02-2024 00:00,651.34,DPAY,,Debit,,,,,,13-04-2024
,1861467,26991223,05-03-2024 00:00,05-03-2024 00:00,537.63,DPAY,,Debit,,,,,,13-04-2024
,1827146,27229680,25-03-2024 00:00,25-03-2024 00:00,600,DPAY,,Debit,,,,,,13-04-2024
,1827146,26510581,25-01-2024 00:00,25-01-2024 00:00,600,DPAY,,Debit,,,,,,13-04-2024
,3099419,26834193,22-02-2024 00:00,22-02-2024 00:00,838.78,DPAY,,Debit,,,,,,13-04-2024
,1850650,27397567,09-04-2024 00:00,09-04-2024 00:00,244,DPAY,,Debit,,,,,,13-04-2024
,1850650,27070148,12-03-2024 00:00,12-03-2024 00:00,486.69,DPAY,,Debit,,,,,,13-04-2024
,1479781,26766860,16-02-2024 00:00,16-02-2024 00:00,512.69,DPAY,,Debit,,,,,,13-04-2024
,3099419,27218503,23-03-2024 00:00,23-03-2024 00:00,840,DPAY,,Debit,,,,,,13-04-2024
,1498245,26698712,10-02-2024 00:00,09-02-2024 00:00,575,PNMC,Pay Near Me,Other,,,,,,13-04-2024
,1827146,26872820,25-02-2024 00:00,25-02-2024 00:00,600,DPAY,,Debit,,,,,,13-04-2024
,1498245,27387511,08-04-2024 00:00,08-04-2024 00:00,570,PNMC,Pay Near Me,Other,,,,,,13-04-2024
,1850650,26716228,13-02-2024 00:00,13-02-2024 00:00,250,DPAY,,Debit,,,,,,13-04-2024
,1850650,26413349,16-01-2024 00:00,16-01-2024 00:00,511.02,DPAY,,Debit,,,,,,13-04-2024
,1479781,26415405,17-01-2024 00:00,17-01-2024 00:00,512.69,DPAY,,Debit,,,,,,13-04-2024
,1850650,26796939,19-02-2024 00:00,19-02-2024 00:00,248.52,DPAY,,Debit,,,,,,13-04-2024
,1479781,27128708,16-03-2024 00:00,16-03-2024 00:00,512.69,DPAY,,Debit,,,,,,13-04-2024
,1498245,26861909,24-02-2024 00:00,23-02-2024 00:00,580,PNMC,Pay Near Me,Other,,,,,,13-04-2024
,3099419,26477722,22-01-2024 00:00,22-01-2024 00:00,838.78,DPAY,,Debit,,,,,,13-04-2024
,3173909,27420354,11-04-2024 00:00,11-04-2024 00:00,1102.64,DPAY,,Debit,,,,,,13-04-2024
,339741,26966630,01-03-2024 00:00,01-03-2024 00:00,191.39,LEGP,,Other,,,,,,13-04-2024
,1123538,26677215,09-02-2024 00:00,09-02-2024 00:00,1000,PNMC,Pay Near Me,Other,,,,,,13-04-2024
,161857,26613621,01-02-2024 00:00,01-02-2024 00:00,41.1,LEGP,,Other,,,,,,13-04-2024
,161857,26966625,01-03-2024 00:00,01-03-2024 00:00,112.76,LEGP,,Other,,,,,,13-04-2024
,339741,27322141,01-04-2024 00:00,01-04-2024 00:00,344.5,LEGP,,Other,,,,,,13-04-2024
,1112200,26591227,31-01-2024 00:00,31-01-2024 00:00,5500,CACI,ACI Check Pmt,Check,,,,,,13-04-2024
,1123538,26677212,09-02-2024 00:00,09-02-2024 00:00,400,PNMC,Pay Near Me,Other,,,,,,13-04-2024
,161857,27322135,01-04-2024 00:00,01-04-2024 00:00,142.45,LEGP,,Other,,,,,,13-04-2024
,1375617,27092441,13-03-2024 00:00,13-03-2024 00:00,306.19,PYBK,Customer Payment,Other,,,,,,13-04-2024
,1407261,26924037,29-02-2024 00:00,29-02-2024 00:00,413.96,DPAY,,Debit,,,,,,13-04-2024
,1381151,26818740,21-02-2024 00:00,21-02-2024 00:00,289.59,CPAY,,Check,,,,,,13-04-2024
,1375617,26899544,27-02-2024 00:00,27-02-2024 00:00,305.57,PYBK,Customer Payment,Other,,,,,,13-04-2024
,1375617,27262920,27-03-2024 00:00,27-03-2024 00:00,305.45,PYBK,Customer Payment,Other,,,,,,13-04-2024
,1381151,26415211,17-01-2024 00:00,17-01-2024 00:00,300,CPAY,,Check,,,,,,13-04-2024
,1407261,27280757,29-03-2024 00:00,29-03-2024 00:00,413.96,DPAY,,Debit,,,,,,13-04-2024
,1381151,26461544,20-01-2024 00:00,19-01-2024 00:00,69.36,CPAY,,Check,,,,,,13-04-2024
,1381151,27011221,07-03-2024 00:00,07-03-2024 00:00,670.13,DLRT,Dlr Trade-In Payoff,Other,,,,,,13-04-2024
,1375617,26519913,25-01-2024 00:00,25-01-2024 00:00,500,PNMC,Pay Near Me,Other,,,,,,13-04-2024
,1375617,27013502,07-03-2024 00:00,07-03-2024 00:00,500,PNMC,Pay Near Me,Other,,,,,,13-04-2024
,3121951,27142663,17-03-2024 00:00,17-03-2024 00:00,224.78,DPAY,,Debit,,,,,,13-04-2024
,3121951,26477805,22-01-2024 00:00,22-01-2024 00:00,428.16,DPAY,,Debit,,,,,,13-04-2024
,3206815,27329307,02-04-2024 00:00,02-04-2024 00:00,372.05,DPAY,,Debit,,,,,,13-04-2024
,3170561,27409393,10-04-2024 00:00,10-04-2024 00:00,415,PNMC,Pay Near Me,Other,,,,,,13-04-2024
,3170561,27054098,10-03-2024 00:00,10-03-2024 00:00,414.82,DPAY,,Debit,,,,,,13-04-2024
,3121951,27161584,19-03-2024 00:00,19-03-2024 00:00,224.78,DPAY,,Debit,,,,,,13-04-2024
,3012333,26527130,26-01-2024 00:00,26-01-2024 00:00,385.26,CPAY,,Check,,,,,,13-04-2024
,3178978,27254933,27-03-2024 00:00,27-03-2024 00:00,278.49,DPAY,,Debit,,,,,,13-04-2024
,3012333,26863119,24-02-2024 00:00,24-02-2024 00:00,385.26,CPAY,,Check,,,,,,13-04-2024
,3012333,27218388,23-03-2024 00:00,23-03-2024 00:00,385.26,CPAY,,Check,,,,,,13-04-2024
,3013940,26445594,19-01-2024 00:00,19-01-2024 00:00,395.96,DPAY,,Debit,,,,,,13-04-2024
,3013940,26833943,22-02-2024 00:00,22-02-2024 00:00,395.96,DPAY,,Debit,,,,,,13-04-2024
,3013940,27215765,22-03-2024 00:00,22-03-2024 00:00,395.96,DPAY,,Debit,,,,,,13-04-2024
,1481886,26395678,15-01-2024 00:00,15-01-2024 00:00,480,DPAY,,Debit,,19-01-2024 00:00,480,,,13-04-2024
,1481886,26442949,19-01-2024 00:00,15-01-2024 00:00,480,DPAY,,Debit,,,,,,13-04-2024
,1462571,27407535,10-04-2024 00:00,10-04-2024 00:00,662.21,PYLB,Lock Box Payment,Mail,,,,,,13-04-2024
,1478015,26737258,14-02-2024 00:00,13-02-2024 00:00,270.77,PYLB,Lock Box Payment,Mail,,,,,,13-04-2024
,1700301,27146185,18-03-2024 00:00,18-03-2024 00:00,505.78,DPAY,,Debit,,,,,,13-04-2024
,2032611,27361137,05-04-2024 00:00,05-04-2024 00:00,22.38,DPAY,,Debit,,,,,,13-04-2024
,1462571,27082530,13-03-2024 00:00,13-03-2024 00:00,662.21,PNMC,Pay Near Me,Other,,,,,,13-04-2024
,2048528,27024707,08-03-2024 00:00,08-03-2024 00:00,350,DPAY,,Debit,,,,,,13-04-2024
,1627462,26643753,06-02-2024 00:00,06-02-2024 00:00,589.44,PNMC,Pay Near Me,Other,,,,,,13-04-2024
,2048528,27361181,05-04-2024 00:00,05-04-2024 00:00,350,DPAY,,Debit,,,,,,13-04-2024
,1462571,26715296,13-02-2024 00:00,13-02-2024 00:00,662.21,PNMC,Pay Near Me,Other,,,,,,13-04-2024
,2048528,27215261,22-03-2024 00:00,22-03-2024 00:00,350,DPAY,,Debit,,,,,,13-04-2024
,1481886,27111108,15-03-2024 00:00,15-03-2024 00:00,480,DPAY,,Debit,,,,,,13-04-2024
,2032611,27282086,29-03-2024 00:00,29-03-2024 00:00,447.65,DPAY,,Debit,,,,,,13-04-2024
,1517200,27418803,11-04-2024 00:00,11-04-2024 00:00,550.85,DPAY,,Debit,,,,,,13-04-2024
,2048528,26526571,26-01-2024 00:00,26-01-2024 00:00,350,DPAY,,Debit,,,,,,13-04-2024
,1476829,27011350,07-03-2024 00:00,07-03-2024 00:00,472.5,DPAY,,Debit,,,,,,13-04-2024
,2058947,26806412,20-02-2024 00:00,20-02-2024 00:00,397.1,DPAY,,Debit,,,,,,13-04-2024
,1700301,26787981,17-02-2024 00:00,17-02-2024 00:00,505.78,DPAY,,Debit,,,,,,13-04-2024
,1481886,26391352,14-01-2024 00:00,14-01-2024 00:00,468.53,DPAY,,Debit,,,,,,13-04-2024
,2048528,26679367,09-02-2024 00:00,09-02-2024 00:00,350,DPAY,,Debit,,,,,,13-04-2024
,2048528,26848904,23-02-2024 00:00,23-02-2024 00:00,350,DPAY,,Debit,,,,,,13-04-2024
,1627462,27011668,07-03-2024 00:00,06-03-2024 00:00,589.44,PNMC,Pay Near Me,Other,,,,,,13-04-2024
,1627462,27372829,06-04-2024 00:00,05-04-2024 00:00,589.44,PNMC,Pay Near Me,Other,,,,,,13-04-2024
,1462571,26391333,14-01-2024 00:00,13-01-2024 00:00,662.21,PNMC,Pay Near Me,Other,,,,,,13-04-2024
,1700301,26416052,17-01-2024 00:00,17-01-2024 00:00,505.78,DPAY,,Debit,,,,,,13-04-2024
,1476829,27418746,11-04-2024 00:00,11-04-2024 00:00,472.5,DPAY,,Debit,,,,,,13-04-2024
,1476829,26666866,08-02-2024 00:00,08-02-2024 00:00,472.5,DPAY,,Debit,,,,,,13-04-2024
,2058947,26462944,20-01-2024 00:00,20-01-2024 00:00,397.1,DPAY,,Debit,,,,,,13-04-2024
,1517200,26787564,17-02-2024 00:00,17-02-2024 00:00,550.85,DPAY,,Debit,,,,,,13-04-2024
,2032611,27097333,14-03-2024 00:00,14-03-2024 00:00,400,DPAY,,Debit,,,,,,13-04-2024
,1478015,26552593,29-01-2024 00:00,29-01-2024 00:00,270.77,PYLB,Lock Box Payment,Mail,,,,,,13-04-2024
,1478015,27058529,11-03-2024 00:00,11-03-2024 00:00,270.77,PYLB,Lock Box Payment,Mail,,,,,,13-04-2024
,1800606,27251234,26-03-2024 00:00,26-03-2024 00:00,7815,AUCT,,Other,,,,,,13-04-2024
,2032611,26754544,15-02-2024 00:00,15-02-2024 00:00,848.15,DPAY,,Debit,,,,,,13-04-2024
,1517200,27069424,12-03-2024 00:00,12-03-2024 00:00,550.85,DPAY,,Debit,,,,,,13-04-2024
,3075467,26863223,24-02-2024 00:00,24-02-2024 00:00,700,DPAY,,Debit,,,,,,13-04-2024
,2058947,27177415,20-03-2024 00:00,20-03-2024 00:00,397.1,DPAY,,Debit,,,,,,13-04-2024
,1481886,26753045,15-02-2024 00:00,15-02-2024 00:00,480,DPAY,,Debit,,,,,,13-04-2024
,1563246,26476154,22-01-2024 00:00,22-01-2024 00:00,500,DPAY,,Debit,,,,,,13-04-2024
,1703198,27096653,14-03-2024 00:00,14-03-2024 00:00,448,DPAY,,Debit,,,,,,13-04-2024
,1563246,27397073,09-04-2024 00:00,09-04-2024 00:00,54.15,DPAY,,Debit,,,,,,13-04-2024
,1530229,27266181,28-03-2024 00:00,28-03-2024 00:00,449.1,DPAY,,Debit,,,,,,13-04-2024
,1530229,26614356,02-02-2024 00:00,02-02-2024 00:00,449.1,DPAY,,Debit,,,,,,13-04-2024
,3204266,27444185,12-04-2024 00:00,12-04-2024 00:00,516.8,DPAY,,Debit,,,,,,13-04-2024
,1563246,26832069,22-02-2024 00:00,22-02-2024 00:00,500,DPAY,,Debit,,,,,,13-04-2024
,1361666,26999936,06-03-2024 00:00,06-03-2024 00:00,388.68,DPAY,,Debit,,,,,,13-04-2024
,1361666,26655553,07-02-2024 00:00,07-02-2024 00:00,388.68,DPAY,,Debit,,,,,,13-04-2024
,1124536,26872148,25-02-2024 00:00,25-02-2024 00:00,453.03,CPAY,,Check,,,,,,13-04-2024
,1361666,27336222,03-04-2024 00:00,03-04-2024 00:00,388.68,DPAY,,Debit,,,,,,13-04-2024
,1530229,26924311,29-02-2024 00:00,29-02-2024 00:00,449.1,DPAY,,Debit,,,,,,13-04-2024
,1703198,26737775,14-02-2024 00:00,14-02-2024 00:00,447.69,DPAY,,Debit,,,,,,13-04-2024
,1631142,26805423,20-02-2024 00:00,20-02-2024 00:00,362.98,DPAY,,Debit,,,,,,13-04-2024
,1631142,27141958,17-03-2024 00:00,17-03-2024 00:00,362.98,DPAY,,Debit,,,,,,13-04-2024
,2058784,26462943,20-01-2024 00:00,20-01-2024 00:00,577.37,CPAY,,Check,,25-01-2024 00:00,577.37,,,13-04-2024
,2058784,26806410,20-02-2024 00:00,20-02-2024 00:00,577.37,CPAY,,Check,,24-02-2024 00:00,577.37,,,13-04-2024
,1596741,27141890,17-03-2024 00:00,17-03-2024 00:00,94.3,DPAY,,Debit,,,,,,13-04-2024
,2028785,27443121,12-04-2024 00:00,12-04-2024 00:00,459.66,DPAY,,Debit,,,,,,13-04-2024
,1340629,26698557,10-02-2024 00:00,10-02-2024 00:00,328.46,DPAY,,Debit,,,,,,13-04-2024
,2058784,27177414,20-03-2024 00:00,20-03-2024 00:00,577.37,CPAY,,Check,,,,,,13-04-2024
,1386994,27145518,18-03-2024 00:00,18-03-2024 00:00,323.75,CPAY,,Check,,,,,,13-04-2024
,1710631,26981645,04-03-2024 00:00,04-03-2024 00:00,550,DPAY,,Debit,,,,,,13-04-2024
,1386994,27110864,15-03-2024 00:00,15-03-2024 00:00,1000,CPAY,,Check,,,,,,13-04-2024
,1842681,27214920,22-03-2024 00:00,22-03-2024 00:00,370,PNMC,Pay Near Me,Other,,,,,,13-04-2024
,1528512,26767017,16-02-2024 00:00,16-02-2024 00:00,364.42,DPAY,,Debit,,,,,,13-04-2024
,2003952,26486198,23-01-2024 00:00,23-01-2024 00:00,374.09,CPAY,,Check,,,,,,13-04-2024
,1862598,27254027,27-03-2024 00:00,27-03-2024 00:00,867.23,DPAY,,Debit,,,,,,13-04-2024
,1819390,26485942,23-01-2024 00:00,23-01-2024 00:00,343.79,DPAY,,Debit,,,,,,13-04-2024
,1386994,26395478,15-01-2024 00:00,15-01-2024 00:00,405.24,CPAY,,Check,,,,,,13-04-2024
,1326354,26818643,21-02-2024 00:00,21-02-2024 00:00,340.69,DPAY,,Debit,,,,,,13-04-2024
,1685437,26614804,02-02-2024 00:00,02-02-2024 00:00,467.31,DPAY,,Debit,,,,,,13-04-2024
,1842681,26848484,23-02-2024 00:00,23-02-2024 00:00,370,PNMC,Pay Near Me,Other,,,,,,13-04-2024
,3009202,26496618,24-01-2024 00:00,24-01-2024 00:00,570.65,DPAY,,Debit,,,,,,13-04-2024
,1811249,27397494,09-04-2024 00:00,09-04-2024 00:00,425.61,DPAY,,Debit,,,,,,13-04-2024
,1858489,26679008,09-02-2024 00:00,09-02-2024 00:00,371.86,PNMC,Pay Near Me,Other,,,,,,13-04-2024
,3074465,27070823,12-03-2024 00:00,12-03-2024 00:00,200.5,DPAY,,Debit,,,,,,13-04-2024
,2009732,27215126,22-03-2024 00:00,22-03-2024 00:00,436.09,DPAY,,Debit,,,,,,13-04-2024
,2000235,27349515,04-04-2024 00:00,04-04-2024 00:00,414.41,DPAY,,Debit,,,,,,13-04-2024
,2058784,26486357,23-01-2024 00:00,23-01-2024 00:00,577.37,DPAY,,Debit,,,,,,13-04-2024
,3096600,26616345,02-02-2024 00:00,02-02-2024 00:00,400,PNMC,Pay Near Me,Other,,,,,,13-04-2024
,1736289,26832586,22-02-2024 00:00,22-02-2024 00:00,555.7,DPAY,,Debit,,,,,,13-04-2024
,1625581,27320440,01-04-2024 00:00,01-04-2024 00:00,453.89,DPAY,,Debit,,,,,,13-04-2024
,2000627,26679176,09-02-2024 00:00,09-02-2024 00:00,250,DPAY,,Debit,,,,,,13-04-2024
,3069897,27398050,09-04-2024 00:00,09-04-2024 00:00,437.32,DPAY,,Debit,,,,,,13-04-2024
,2000627,27215102,22-03-2024 00:00,22-03-2024 00:00,250,DPAY,,Debit,,,,,,13-04-2024
,1596741,26461892,20-01-2024 00:00,20-01-2024 00:00,377,DPAY,,Debit,,,,,,13-04-2024
,1596741,26981399,04-03-2024 00:00,04-03-2024 00:00,100,DPAY,,Debit,,,,,,13-04-2024
,1811249,26678803,09-02-2024 00:00,09-02-2024 00:00,425.61,DPAY,,Debit,,,,,,13-04-2024
,1625581,26600369,01-02-2024 00:00,01-02-2024 00:00,453.89,DPAY,,Debit,,,,,,13-04-2024
,1386994,27069214,12-03-2024 00:00,12-03-2024 00:00,405.24,CPAY,,Check,,,,,,13-04-2024
,2058784,27083747,13-03-2024 00:00,13-03-2024 00:00,708.95,DPAY,,Debit,,,,,,13-04-2024
,3011608,26907166,28-02-2024 00:00,28-02-2024 00:00,428.27,DPAY,,Debit,,,,,,13-04-2024
,3152883,27384317,07-04-2024 00:00,07-04-2024 00:00,754.74,DPAY,,Debit,,,,,,13-04-2024
,1804822,26990993,05-03-2024 00:00,05-03-2024 00:00,517.9,DPAY,,Debit,,,,,,13-04-2024
,1862598,26991231,05-03-2024 00:00,05-03-2024 00:00,423.04,DPAY,,Debit,,,,,,13-04-2024
,3096600,27001607,06-03-2024 00:00,06-03-2024 00:00,400,PNMC,Pay Near Me,Other,,,,,,13-04-2024
,1520279,27036846,09-03-2024 00:00,09-03-2024 00:00,454.96,DPAY,,Debit,,,,,,13-04-2024
,3027326,27084135,13-03-2024 00:00,13-03-2024 00:00,443.29,DPAY,,Debit,,,,,,13-04-2024
,3002476,26754978,15-02-2024 00:00,15-02-2024 00:00,573.37,DPAY,,Debit,,,,,,13-04-2024
,2032363,27129668,16-03-2024 00:00,16-03-2024 00:00,584.26,CPAY,,Check,,,,,,13-04-2024
,1845452,27229745,25-03-2024 00:00,25-03-2024 00:00,339.23,DPAY,,Debit,,,,,,13-04-2024
,1834464,26716153,13-02-2024 00:00,13-02-2024 00:00,240,DPAY,,Debit,,,,,,13-04-2024
,1520279,27397023,09-04-2024 00:00,09-04-2024 00:00,454.96,DPAY,,Debit,,,,,,13-04-2024
,3002476,26429097,18-01-2024 00:00,18-01-2024 00:00,566.11,DPAY,,Debit,,,,,,13-04-2024
,1596741,27145896,18-03-2024 00:00,18-03-2024 00:00,357.4,DPAY,,Debit,,,,,,13-04-2024
,1845452,26872848,25-02-2024 00:00,25-02-2024 00:00,339.23,DPAY,,Debit,,,,,,13-04-2024
,1736289,27225420,24-03-2024 00:00,24-03-2024 00:00,555.7,DPAY,,Debit,,,,,,13-04-2024
,1386994,27110865,15-03-2024 00:00,15-03-2024 00:00,1000,CPAY,,Check,,,,,,13-04-2024
,3125658,26631956,04-02-2024 00:00,04-02-2024 00:00,677.66,DPAY,,Debit,,,,,,13-04-2024
,1742162,27388002,08-04-2024 00:00,08-04-2024 00:00,461,DPAY,,Debit,,,,,,13-04-2024
,3117330,26991990,05-03-2024 00:00,05-03-2024 00:00,450,DPAY,,Debit,,,,,,13-04-2024
,1804822,26631590,04-02-2024 00:00,04-02-2024 00:00,517.9,DPAY,,Debit,,,,,,13-04-2024
,3011608,26548076,28-01-2024 00:00,28-01-2024 00:00,428.27,DPAY,,Debit,,,,,,13-04-2024
,1596741,27011576,07-03-2024 00:00,07-03-2024 00:00,297,DPAY,,Debit,,,,,,13-04-2024
,1858489,27388363,08-04-2024 00:00,08-04-2024 00:00,371.86,DPAY,,Debit,,,,,,13-04-2024
,1763267,27083178,13-03-2024 00:00,13-03-2024 00:00,421.82,DPAY,,Debit,,,,,,13-04-2024
,1736289,26476561,22-01-2024 00:00,22-01-2024 00:00,555.7,DPAY,,Debit,,,,,,13-04-2024
,1734995,26462259,20-01-2024 00:00,20-01-2024 00:00,431.16,DPAY,,Debit,,,,,,13-04-2024
,3069897,26680101,09-02-2024 00:00,09-02-2024 00:00,437.32,DPAY,,Debit,,,,,,13-04-2024
,1811249,27037354,09-03-2024 00:00,09-03-2024 00:00,425.61,DPAY,,Debit,,,,,,13-04-2024
,3074465,27388974,08-04-2024 00:00,08-04-2024 00:00,200,DPAY,,Debit,,,,,,13-04-2024
,1742162,26667444,08-02-2024 00:00,08-02-2024 00:00,461,DPAY,,Debit,,,,,,13-04-2024
,1872175,26476986,22-01-2024 00:00,22-01-2024 00:00,463.98,DPAY,,Debit,,,,,,13-04-2024
,1625581,26957360,01-03-2024 00:00,01-03-2024 00:00,453.89,DPAY,,Debit,,,,,,13-04-2024
,1703784,27000528,06-03-2024 00:00,06-03-2024 00:00,480,PNMC,Pay Near Me,Other,,,,,,13-04-2024
,1685437,27281320,29-03-2024 00:00,28-03-2024 00:00,470,DPAY,,Debit,,,,,,13-04-2024
,3002476,27147381,18-03-2024 00:00,18-03-2024 00:00,573,DPAY,,Debit,,,,,,13-04-2024
,3066455,27084211,13-03-2024 00:00,13-03-2024 00:00,503.54,DPAY,,Debit,,,,,,13-04-2024
,2009732,26848768,23-02-2024 00:00,23-02-2024 00:00,436.09,DPAY,,Debit,,,,,,13-04-2024
,3125658,26982779,04-03-2024 00:00,04-03-2024 00:00,677.66,DPAY,,Debit,,,,,,13-04-2024
,3066455,26716861,13-02-2024 00:00,13-02-2024 00:00,503.54,DPAY,,Debit,,,,,,13-04-2024
,2003952,27218050,23-03-2024 00:00,23-03-2024 00:00,374.09,CPAY,,Check,,,,,,13-04-2024
,1528512,26957058,01-03-2024 00:00,01-03-2024 00:00,165.8,DPAY,,Debit,,,,,,13-04-2024
,1386994,27096022,14-03-2024 00:00,14-03-2024 00:00,1000,CPAY,,Check,,,,,,13-04-2024
,2001600,26667902,08-02-2024 00:00,08-02-2024 00:00,425.64,DPAY,,Debit,,,,,,13-04-2024
,1685437,26957607,01-03-2024 00:00,01-03-2024 00:00,470,DPAY,,Debit,,,,,,13-04-2024
,1810563,26547769,28-01-2024 00:00,28-01-2024 00:00,480.86,DPAY,,Debit,,,,,,13-04-2024
,1326354,26426683,18-01-2024 00:00,18-01-2024 00:00,340.69,DPAY,,Debit,,,,,,13-04-2024
,1702810,26847872,23-02-2024 00:00,23-02-2024 00:00,405.17,DPAY,,Debit,,,,,,13-04-2024
,1819390,27217853,23-03-2024 00:00,23-03-2024 00:00,343.79,DPAY,,Debit,,,,,,13-04-2024
,3096600,26527368,26-01-2024 00:00,26-01-2024 00:00,400,PNMC,Pay Near Me,Other,,,,,,13-04-2024
,3011608,27267756,28-03-2024 00:00,28-03-2024 00:00,428.27,DPAY,,Debit,,,,,,13-04-2024
,1861954,26428273,18-01-2024 00:00,18-01-2024 00:00,411.61,CPAY,,Check,,,,,,13-04-2024
,1742162,27023597,08-03-2024 00:00,08-03-2024 00:00,461,DPAY,,Debit,,,,,,13-04-2024
,1734995,27176750,20-03-2024 00:00,20-03-2024 00:00,431.16,DPAY,,Debit,,,,,,13-04-2024
,1861954,27146814,18-03-2024 00:00,18-03-2024 00:00,411.61,CPAY,,Check,,,,,,13-04-2024
,1819390,26848373,23-02-2024 00:00,23-02-2024 00:00,343.79,DPAY,,Debit,,,,,,13-04-2024
,1861954,26790210,18-02-2024 00:00,18-02-2024 00:00,411.61,CPAY,,Check,,,,,,13-04-2024
,3125658,27350151,04-04-2024 00:00,04-04-2024 00:00,677.66,DPAY,,Debit,,,,,,13-04-2024
,3152883,27025679,08-03-2024 00:00,08-03-2024 00:00,754.74,DPAY,,Debit,,,,,,13-04-2024
,1340629,27407399,10-04-2024 00:00,10-04-2024 00:00,328.46,DPAY,,Debit,,,,,,13-04-2024
,1834464,27253917,27-03-2024 00:00,27-03-2024 00:00,214,DPAY,,Debit,,,,,,13-04-2024
,1842681,26510639,25-01-2024 00:00,25-01-2024 00:00,370,PNMC,Pay Near Me,Other,,,,,,13-04-2024
,3035515,27225865,24-03-2024 00:00,24-03-2024 00:00,748.61,DPAY,,Debit,,,,,,13-04-2024
,1872175,27215050,22-03-2024 00:00,22-03-2024 00:00,463.98,DPAY,,Debit,,,,,,13-04-2024
,1528512,27217253,23-03-2024 00:00,23-03-2024 00:00,331.3,DPAY,,Debit,,,,,,13-04-2024
,1386994,27096023,14-03-2024 00:00,14-03-2024 00:00,1000,CPAY,,Check,,,,,,13-04-2024
,1834464,26656417,07-02-2024 00:00,07-02-2024 00:00,80,DPAY,,Debit,,,,,,13-04-2024
,2001600,27024520,08-03-2024 00:00,08-03-2024 00:00,425.64,DPAY,,Debit,,,,,,13-04-2024
,2000235,26635878,05-02-2024 00:00,05-02-2024 00:00,414.41,DPAY,,Debit,,,,,,13-04-2024
,1340629,26461492,20-01-2024 00:00,20-01-2024 00:00,328.46,DPAY,,Debit,,,,,,13-04-2024
,2058784,26615771,02-02-2024 00:00,02-02-2024 00:00,577.37,DPAY,,Debit,,,,,,13-04-2024
,1734995,26805706,20-02-2024 00:00,20-02-2024 00:00,431.16,DPAY,,Debit,,,,,,13-04-2024
,3035515,26496681,24-01-2024 00:00,24-01-2024 00:00,748.61,DPAY,,Debit,,,,,,13-04-2024
,1810563,27360599,05-04-2024 00:00,05-04-2024 00:00,480.86,DPAY,,Debit,,,,,,13-04-2024
,1834274,27267010,28-03-2024 00:00,28-03-2024 00:00,549.63,DPAY,,Debit,,,,,,13-04-2024
,1702810,27176675,20-03-2024 00:00,20-03-2024 00:00,405.17,DPAY,,Debit,,,,,,13-04-2024
,3117330,26554385,29-01-2024 00:00,29-01-2024 00:00,424.23,DPAY,,Debit,,,,,,13-04-2024
,3199988,27218696,23-03-2024 00:00,23-03-2024 00:00,430.59,DPAY,,Debit,,,,,,13-04-2024
,3074465,26657170,07-02-2024 00:00,07-02-2024 00:00,429.5,DPAY,,Debit,,,,,,13-04-2024
,1845452,26510645,25-01-2024 00:00,25-01-2024 00:00,339.23,DPAY,,Debit,,,,,,13-04-2024
,2028785,26768766,16-02-2024 00:00,16-02-2024 00:00,459.66,DPAY,,Debit,,,,,,13-04-2024
,1340629,27176033,20-03-2024 00:00,20-03-2024 00:00,328.46,DPAY,,Debit,,,,,,13-04-2024
,1804822,27349245,04-04-2024 00:00,04-04-2024 00:00,517.9,DPAY,,Debit,,,,,,13-04-2024
,2003952,26848738,23-02-2024 00:00,23-02-2024 00:00,374.09,CPAY,,Check,,,,,,13-04-2024
,3074465,27013020,07-03-2024 00:00,07-03-2024 00:00,229,DPAY,,Debit,,,,,,13-04-2024
,1386994,26712520,12-02-2024 00:00,12-02-2024 00:00,405.24,CPAY,,Check,,,,,,13-04-2024
,1710631,27349005,04-04-2024 00:00,04-04-2024 00:00,550,DPAY,,Debit,,,,,,13-04-2024
,3096600,27361841,05-04-2024 00:00,05-04-2024 00:00,420.69,DPAY,,Debit,,,,,,13-04-2024
,3009202,27225841,24-03-2024 00:00,24-03-2024 00:00,570.65,DPAY,,Debit,,,,,,13-04-2024
,2052803,26754590,15-02-2024 00:00,15-02-2024 00:00,606.2,DPAY,,Debit,,,,,,13-04-2024
,3027326,26716773,13-02-2024 00:00,13-02-2024 00:00,443.29,DPAY,,Debit,,,,,,13-04-2024
,1702810,26443757,19-01-2024 00:00,19-01-2024 00:00,405.17,DPAY,,Debit,,,,,,13-04-2024
,2000627,27361029,05-04-2024 00:00,05-04-2024 00:00,250,DPAY,,Debit,,,,,,13-04-2024
,2000627,27024507,08-03-2024 00:00,08-03-2024 00:00,250,DPAY,,Debit,,,,,,13-04-2024
,3035515,26863158,24-02-2024 00:00,24-02-2024 00:00,748.61,DPAY,,Debit,,,,,,13-04-2024
,3117330,27420210,11-04-2024 00:00,11-04-2024 00:00,418.38,DPAY,,Debit,,,,,,13-04-2024
,2000235,27191504,21-03-2024 00:00,21-03-2024 00:00,435.13,DPAY,,Debit,,,,,,13-04-2024
,2028785,27112893,15-03-2024 00:00,15-03-2024 00:00,459.66,DPAY,,Debit,,,,,,13-04-2024
,1703784,27229335,25-03-2024 00:00,25-03-2024 00:00,480,PNMC,Pay Near Me,Other,,,,,,13-04-2024
,1872175,26833161,22-02-2024 00:00,22-02-2024 00:00,463.98,DPAY,,Debit,,,,,,13-04-2024
,3069897,27037835,09-03-2024 00:00,09-03-2024 00:00,437.32,DPAY,,Debit,,,,,,13-04-2024
,3009202,26863106,24-02-2024 00:00,24-02-2024 00:00,570.65,DPAY,,Debit,,,,,,13-04-2024
,2052803,27112971,15-03-2024 00:00,15-03-2024 00:00,606.2,DPAY,,Debit,,,,,,13-04-2024
,2032363,26768784,16-02-2024 00:00,16-02-2024 00:00,584.26,CPAY,,Check,,,,,,13-04-2024
,1528512,26847283,23-02-2024 00:00,23-02-2024 00:00,165.5,DPAY,,Debit,,,,,,13-04-2024
,3173345,27121243,15-03-2024 00:00,15-03-2024 00:00,372.59,DPAY,,Debit,,,,,,13-04-2024
,1763267,26713419,12-02-2024 00:00,12-02-2024 00:00,421.82,DPAY,,Debit,,,,,,13-04-2024
,2032363,26413555,16-01-2024 00:00,16-01-2024 00:00,584.26,CPAY,,Check,,,,,,13-04-2024
,2001600,27388428,08-04-2024 00:00,08-04-2024 00:00,425.64,DPAY,,Debit,,,,,,13-04-2024
,2000627,26526412,26-01-2024 00:00,26-01-2024 00:00,250,DPAY,,Debit,,,,,,13-04-2024
,1326354,27407384,10-04-2024 00:00,10-04-2024 00:00,558.27,DPAY,,Debit,,,,,,13-04-2024
,1710631,26631455,04-02-2024 00:00,04-02-2024 00:00,550,DPAY,,Debit,,,,,,13-04-2024
,2000627,26848723,23-02-2024 00:00,23-02-2024 00:00,250,DPAY,,Debit,,,,,,13-04-2024
,3208646,27321991,01-04-2024 00:00,01-04-2024 00:00,617.33,DPAY,,Debit,,,,,,13-04-2024
,1763267,27442445,12-04-2024 00:00,12-04-2024 00:00,421.82,DPAY,,Debit,,,,,,13-04-2024
,1858489,27000939,06-03-2024 00:00,06-03-2024 00:00,371.86,DPAY,,Debit,,,,,,13-04-2024
,2028785,26444869,19-01-2024 00:00,19-01-2024 00:00,459.66,DPAY,,Debit,,,,,,13-04-2024
,1520279,26677705,09-02-2024 00:00,09-02-2024 00:00,454.96,DPAY,,Debit,,,,,,13-04-2024
,1834464,27253918,27-03-2024 00:00,27-03-2024 00:00,184,DPAY,,Debit,,,,,,13-04-2024
,2000235,26526410,26-01-2024 00:00,26-01-2024 00:00,435.13,DPAY,,Debit,,,,,,13-04-2024
,2009732,26526454,26-01-2024 00:00,26-01-2024 00:00,436.09,DPAY,,Debit,,,,,,13-04-2024
,1810563,26991017,05-03-2024 00:00,05-03-2024 00:00,480.86,DPAY,,Debit,,,,,,13-04-2024
,1834274,26925341,29-02-2024 00:00,29-02-2024 00:00,496,DPAY,,Debit,,,,,,13-04-2024
,1788272,27225496,24-03-2024 00:00,24-03-2024 00:00,666.97,CPAY,,Check,,28-03-2024 00:00,666.97,,,13-04-2024
,1587393,26643668,06-02-2024 00:00,06-02-2024 00:00,79.1,CPAY,,Check,,11-02-2024 00:00,79.1,,,13-04-2024
,1728047,27253612,27-03-2024 00:00,27-03-2024 00:00,710.91,CPAY,,Check,,31-03-2024 00:00,710.91,,,13-04-2024
,1728047,27146274,18-03-2024 00:00,18-03-2024 00:00,710.91,CPAY,,Check,,22-03-2024 00:00,710.91,,,13-04-2024
,3018325,26625576,03-02-2024 00:00,03-02-2024 00:00,736.27,CPAY,,Check,,08-02-2024 00:00,736.27,,,13-04-2024
,1855279,27349412,04-04-2024 00:00,04-04-2024 00:00,700,CPAY,,Check,,11-04-2024 00:00,700,,,13-04-2024
,1867373,26526316,26-01-2024 00:00,26-01-2024 00:00,350,DPAY,,Debit,,,,,,13-04-2024
,3022111,26991818,05-03-2024 00:00,05-03-2024 00:00,482.13,DPAY,,Debit,,,,,,13-04-2024
,2030424,26991419,05-03-2024 00:00,05-03-2024 00:00,684.01,DPAY,,Debit,,,,,,13-04-2024
,1595594,26547453,28-01-2024 00:00,28-01-2024 00:00,201.99,DPAY,,Debit,,,,,,13-04-2024
,1790732,26848212,23-02-2024 00:00,23-02-2024 00:00,346.93,DPAY,,Debit,,,,,,13-04-2024
,3011972,26445586,19-01-2024 00:00,19-01-2024 00:00,612.45,DPAY,,Debit,,,,,,13-04-2024
,2022238,27070329,12-03-2024 00:00,12-03-2024 00:00,165.5,DPAY,,Debit,,,,,,13-04-2024
,3005473,26820916,21-02-2024 00:00,21-02-2024 00:00,795.86,DPAY,,Debit,,,,,,13-04-2024
,1873256,27146866,18-03-2024 00:00,18-03-2024 00:00,663.67,DPAY,,Debit,,,,,,13-04-2024
,1855279,26553588,29-01-2024 00:00,29-01-2024 00:00,535,PNMC,Pay Near Me,Other,,,,,,13-04-2024
,2060947,26656753,07-02-2024 00:00,07-02-2024 00:00,682.47,DPAY,,Debit,,,,,,13-04-2024
,1873181,26635847,05-02-2024 00:00,05-02-2024 00:00,160,DPAY,,Debit,,,,,,13-04-2024
,1779040,27300935,30-03-2024 00:00,30-03-2024 00:00,591,DPAY,,Debit,,,,,,13-04-2024
,1637586,26525359,26-01-2024 00:00,26-01-2024 00:00,725.15,DPAY,,Debit,,,,,,13-04-2024
,1643816,27096478,14-03-2024 00:00,14-03-2024 00:00,200,DPAY,,Debit,,,,,,13-04-2024
,1683002,27336957,03-04-2024 00:00,03-04-2024 00:00,515.38,DPAY,,Debit,,,,,,13-04-2024
,2013672,27361074,05-04-2024 00:00,05-04-2024 00:00,657.39,DPAY,,Debit,,,,,,13-04-2024
,2056746,26615767,02-02-2024 00:00,02-02-2024 00:00,739.8,DPAY,,Debit,,,,,,13-04-2024
,1798230,27419344,11-04-2024 00:00,11-04-2024 00:00,1607.66,DPAY,,Debit,,,,,,13-04-2024
,3026408,26714297,12-02-2024 00:00,12-02-2024 00:00,930.07,DPAY,,Debit,,,,,,13-04-2024
,1780899,26667553,08-02-2024 00:00,08-02-2024 00:00,623.16,DPAY,,Debit,,,,,,13-04-2024
,1607548,26832209,22-02-2024 00:00,22-02-2024 00:00,221,DPAY,,Debit,,,,,,13-04-2024
,3018325,26668424,08-02-2024 00:00,08-02-2024 00:00,736.27,DPAY,,Debit,,,,,,13-04-2024
,2084756,26862921,24-02-2024 00:00,24-02-2024 00:00,647.89,CPAY,,Check,,,,,,13-04-2024
,3113523,26849806,23-02-2024 00:00,23-02-2024 00:00,627.37,DPAY,,Debit,,,,,,13-04-2024
,2062467,26848955,23-02-2024 00:00,23-02-2024 00:00,722.94,DPAY,,Debit,,,,,,13-04-2024
,2040262,27053812,10-03-2024 00:00,10-03-2024 00:00,1000,CPAY,,Check,,,,,,13-04-2024
,3063033,26821079,21-02-2024 00:00,20-02-2024 00:00,800,PNMC,Pay Near Me,Other,,,,,,13-04-2024
,3136579,26849883,23-02-2024 00:00,23-02-2024 00:00,684.86,DPAY,,Debit,,,,,,13-04-2024
,1796044,26967683,02-03-2024 00:00,02-03-2024 00:00,582.76,DPAY,,Debit,,,,,,13-04-2024
,1804483,27281690,29-03-2024 00:00,29-03-2024 00:00,580,DPAY,,Debit,,,,,,13-04-2024
,1807221,27337362,03-04-2024 00:00,03-04-2024 00:00,260.18,DPAY,,Debit,,,,,,13-04-2024
,3001630,27147378,18-03-2024 00:00,18-03-2024 00:00,637.8,DPAY,,Debit,,,,,,13-04-2024
,1826544,26510580,25-01-2024 00:00,25-01-2024 00:00,594.49,DPAY,,Debit,,,,,,13-04-2024
,2040256,26601306,01-02-2024 00:00,01-02-2024 00:00,741.13,DPAY,,Debit,,,,,,13-04-2024
,2085070,26511084,25-01-2024 00:00,25-01-2024 00:00,656.88,DPAY,,Debit,,,,,,13-04-2024
,1873181,27112722,15-03-2024 00:00,15-03-2024 00:00,447.36,DPAY,,Debit,,,,,,13-04-2024
,3018325,26820966,21-02-2024 00:00,21-02-2024 00:00,750,PNMC,Pay Near Me,Other,,,,,,13-04-2024
,1822188,27408338,10-04-2024 00:00,10-04-2024 00:00,665.93,DPAY,,Debit,,,,,,13-04-2024
,1779040,26644069,06-02-2024 00:00,06-02-2024 00:00,100,DPAY,,Debit,,,,,,13-04-2024
,3090061,27225921,24-03-2024 00:00,24-03-2024 00:00,729.84,DPAY,,Debit,,,,,,13-04-2024
,1751916,27059039,11-03-2024 00:00,11-03-2024 00:00,621.62,DPAY,,Debit,,,,,,13-04-2024
,3189073,27362052,05-04-2024 00:00,05-04-2024 00:00,682.08,DPAY,,Debit,,,,,,13-04-2024
,2062402,27218188,23-03-2024 00:00,23-03-2024 00:00,690,DPAY,,Debit,,,,,,13-04-2024
,1853795,26644271,06-02-2024 00:00,06-02-2024 00:00,697.59,DPAY,,Debit,,,,,,13-04-2024
,1802271,26525968,26-01-2024 00:00,26-01-2024 00:00,1074.35,DPAY,,Debit,,,,,,13-04-2024
,1601442,26476243,22-01-2024 00:00,22-01-2024 00:00,576.96,DPAY,,Debit,,,,,,13-04-2024
,1577709,27036916,09-03-2024 00:00,09-03-2024 00:00,245,DPAY,,Debit,,,,,,13-04-2024
,1773613,26547693,28-01-2024 00:00,28-01-2024 00:00,663.56,DPAY,,Debit,,,,,,13-04-2024
,3034578,26821031,21-02-2024 00:00,21-02-2024 00:00,718.1,DPAY,,Debit,,,,,,13-04-2024
,3001630,26788784,17-02-2024 00:00,17-02-2024 00:00,637.8,DPAY,,Debit,,,,,,13-04-2024
,2034922,27191589,21-03-2024 00:00,21-03-2024 00:00,822.34,DPAY,,Debit,,,,,,13-04-2024
,3076645,27420135,11-04-2024 00:00,11-04-2024 00:00,878.19,DPAY,,Debit,,,,,,13-04-2024
,2022238,26486250,23-01-2024 00:00,23-01-2024 00:00,165.5,DPAY,,Debit,,,,,,13-04-2024
,2026209,26418144,17-01-2024 00:00,17-01-2024 00:00,10522.25,AUCT,,Other,,,,,,13-04-2024
,1602317,26847541,23-02-2024 00:00,23-02-2024 00:00,601.16,DPAY,,Debit,,,,,,13-04-2024
,3049341,26797737,19-02-2024 00:00,19-02-2024 00:00,620,PNMC,Pay Near Me,Other,,,,,,13-04-2024
,3034578,26657086,07-02-2024 00:00,07-02-2024 00:00,760,PYMG,MoneyGram Payment,Other,,,,,,13-04-2024
,3001630,26477478,22-01-2024 00:00,22-01-2024 00:00,637.8,DPAY,,Debit,,,,,,13-04-2024
,1864768,26754321,15-02-2024 00:00,15-02-2024 00:00,285.69,GAP0,,Other,,,,,,13-04-2024
,1716885,27058970,11-03-2024 00:00,11-03-2024 00:00,763.75,DPAY,,Debit,,,,,,13-04-2024
,1674944,26443656,19-01-2024 00:00,19-01-2024 00:00,731.85,DPAY,,Debit,,,,,,13-04-2024
,1818467,26416474,17-01-2024 00:00,16-01-2024 00:00,990,PNMC,Pay Near Me,Other,,,,,,13-04-2024
,2022238,27397671,09-04-2024 00:00,09-04-2024 00:00,165.5,DPAY,,Debit,,,,,,13-04-2024
,3038676,26554252,29-01-2024 00:00,29-01-2024 00:00,705,PNMC,Pay Near Me,Other,,,,,,13-04-2024
,2037563,26589700,31-01-2024 00:00,31-01-2024 00:00,415.59,PYLB,Lock Box Payment,Mail,,,,,,13-04-2024
,3113523,27192200,21-03-2024 00:00,21-03-2024 00:00,627.37,DPAY,,Debit,,,,,,13-04-2024
,1835388,26754163,15-02-2024 00:00,15-02-2024 00:00,554.39,DPAY,,Debit,,,,,,13-04-2024
,1743525,26805738,20-02-2024 00:00,20-02-2024 00:00,800,CPAY,,Check,,,,,,13-04-2024
,1795327,27129331,16-03-2024 00:00,16-03-2024 00:00,770.75,CACI,ACI Check Pmt,Check,,,,,,13-04-2024
,2029620,27229928,25-03-2024 00:00,25-03-2024 00:00,788.84,DPAY,,Debit,,,,,,13-04-2024
,2037563,26982229,04-03-2024 00:00,04-03-2024 00:00,415.59,PYLB,Lock Box Payment,Mail,,,,,,13-04-2024
,1577709,27300596,30-03-2024 00:00,30-03-2024 00:00,500.99,DPAY,,Debit,,,,,,13-04-2024
,1613223,26805380,20-02-2024 00:00,20-02-2024 00:00,1205,DPAY,,Debit,,,,,,13-04-2024
,2022238,26644415,06-02-2024 00:00,06-02-2024 00:00,165.5,DPAY,,Debit,,,,,,13-04-2024
,3018325,26991801,05-03-2024 00:00,05-03-2024 00:00,500,DPAY,,Debit,,,,,,13-04-2024
,1791037,26495745,24-01-2024 00:00,24-01-2024 00:00,33636.22,DLRT,Dlr Trade-In Payoff,Other,,,,,,13-04-2024
,2008401,27160919,19-03-2024 00:00,19-03-2024 00:00,22050.48,ICPO,Insurance Pymt/Pyoff,Other,,,,,,13-04-2024
,2056746,26968018,02-03-2024 00:00,02-03-2024 00:00,739.8,DPAY,,Debit,,,,,,13-04-2024
,2029771,26890412,27-02-2024 00:00,27-02-2024 00:00,640.43,DPAY,,Debit,,,,,,13-04-2024
,1619790,26667157,08-02-2024 00:00,08-02-2024 00:00,421.63,DPAY,,Debit,,,,,,13-04-2024
,2060947,27361214,05-04-2024 00:00,05-04-2024 00:00,682.47,DPAY,,Debit,,,,,,13-04-2024
,1798230,27214744,22-03-2024 00:00,22-03-2024 00:00,308.84,DPAY,,Debit,,,,,,13-04-2024
,1661222,26525430,26-01-2024 00:00,26-01-2024 00:00,675.59,DPAY,,Debit,,,,,,13-04-2024
,1587393,26667079,08-02-2024 00:00,08-02-2024 00:00,220,DPAY,,Debit,,,,,,13-04-2024
,1780899,27388097,08-04-2024 00:00,08-04-2024 00:00,623.16,DPAY,,Debit,,,,,,13-04-2024
,3026408,27070711,12-03-2024 00:00,12-03-2024 00:00,930.07,DPAY,,Debit,,,,,,13-04-2024
,1577584,27407731,10-04-2024 00:00,10-04-2024 00:00,485.92,DPAY,,Debit,,,,,,13-04-2024
,2022238,26806320,20-02-2024 00:00,20-02-2024 00:00,165.5,DPAY,,Debit,,,,,,13-04-2024
,1778299,27217747,23-03-2024 00:00,23-03-2024 00:00,648.71,DPAY,,Debit,,,,,,13-04-2024
,1798230,26848248,23-02-2024 00:00,23-02-2024 00:00,700,DPAY,,Debit,,,,,,13-04-2024
,2007081,26768685,16-02-2024 00:00,16-02-2024 00:00,400,DPAY,,Debit,,,,,,13-04-2024
,2030424,27225676,24-03-2024 00:00,24-03-2024 00:00,684.01,DPAY,,Debit,,,,,,13-04-2024
,1834845,26678911,09-02-2024 00:00,09-02-2024 00:00,649.91,CPAY,,Check,,,,,,13-04-2024
,1857085,26416654,17-01-2024 00:00,17-01-2024 00:00,490,CPAY,,Check,,,,,,13-04-2024
,1640853,26832309,22-02-2024 00:00,22-02-2024 00:00,200,DPAY,,Debit,,,,,,13-04-2024
,2022238,27328573,02-04-2024 00:00,02-04-2024 00:00,165.5,DPAY,,Debit,,,,,,13-04-2024
,1640853,27214220,22-03-2024 00:00,22-03-2024 00:00,551.12,DPAY,,Debit,,,,,,13-04-2024
,1788504,27328198,02-04-2024 00:00,02-04-2024 00:00,675.96,DPAY,,Debit,,,,,,13-04-2024
,1602317,26485359,23-01-2024 00:00,23-01-2024 00:00,601.16,DPAY,,Debit,,,,,,13-04-2024
,1853795,27012314,07-03-2024 00:00,07-03-2024 00:00,697.59,DPAY,,Debit,,,,,,13-04-2024
,1674944,27176611,20-03-2024 00:00,20-03-2024 00:00,731.85,DPAY,,Debit,,,,,,13-04-2024
,1788272,27281622,29-03-2024 00:00,29-03-2024 00:00,666.97,DPAY,,Debit,,,,,,13-04-2024
,3076645,26668551,08-02-2024 00:00,08-02-2024 00:00,878.19,DPAY,,Debit,,,,,,13-04-2024
,1778299,26713478,12-02-2024 00:00,12-02-2024 00:00,617.82,DPAY,,Debit,,,,,,13-04-2024
,3195158,27409446,10-04-2024 00:00,10-04-2024 00:00,605.84,DPAY,,Debit,,,,,,13-04-2024
,3090061,26496813,24-01-2024 00:00,24-01-2024 00:00,729.84,DPAY,,Debit,,,,,,13-04-2024
,3157972,27230693,25-03-2024 00:00,25-03-2024 00:00,200,DPAY,,Debit,,,,,,13-04-2024
,1587393,26832144,22-02-2024 00:00,22-02-2024 00:00,702,DPAY,,Debit,,,,,,13-04-2024
,1872423,26526348,26-01-2024 00:00,26-01-2024 00:00,709.59,DPAY,,Debit,,,,,,13-04-2024
,1876853,27146878,18-03-2024 00:00,18-03-2024 00:00,533.52,DPAY,,Debit,,,,,,13-04-2024
,1577584,26698842,10-02-2024 00:00,10-02-2024 00:00,485.92,DPAY,,Debit,,,,,,13-04-2024
,3011971,26890813,27-02-2024 00:00,27-02-2024 00:00,760,DPAY,,Debit,,,,,,13-04-2024
,1826544,27024138,08-03-2024 00:00,08-03-2024 00:00,624.21,DPAY,,Debit,,,,,,13-04-2024
,2045293,27037567,09-03-2024 00:00,09-03-2024 00:00,260.26,DPAY,,Debit,,,,,,13-04-2024
,2045293,26547962,28-01-2024 00:00,28-01-2024 00:00,200.2,DPAY,,Debit,,,,,,13-04-2024
,3193652,27398266,09-04-2024 00:00,09-04-2024 00:00,738.24,DPAY,,Debit,,,,,,13-04-2024
,1674944,26753549,15-02-2024 00:00,15-02-2024 00:00,731.85,DPAY,,Debit,,,,,,13-04-2024
,1571801,27300586,30-03-2024 00:00,30-03-2024 00:00,778.57,DPAY,,Debit,,,,,,13-04-2024
,1588060,26872468,25-02-2024 00:00,25-02-2024 00:00,586.27,CPAY,,Check,,,,,,13-04-2024
,1788504,26615146,02-02-2024 00:00,02-02-2024 00:00,675.96,DPAY,,Debit,,,,,,13-04-2024
,2040262,26699477,10-02-2024 00:00,10-02-2024 00:00,1000,CPAY,,Check,,,,,,13-04-2024
,1588060,26476216,22-01-2024 00:00,22-01-2024 00:00,586.27,CPAY,,Check,,,,,,13-04-2024
,1607548,27372798,06-04-2024 00:00,06-04-2024 00:00,595.01,PNMC,Pay Near Me,Other,,,,,,13-04-2024
,2091397,26679520,09-02-2024 00:00,09-02-2024 00:00,215,DPAY,,Debit,,,,,,13-04-2024
,1779040,26553331,29-01-2024 00:00,29-01-2024 00:00,571.99,DPAY,,Debit,,,,,,13-04-2024
,1662766,26847735,23-02-2024 00:00,23-02-2024 00:00,624.87,CPAY,,Check,,,,,,13-04-2024
,3034578,27192059,21-03-2024 00:00,21-03-2024 00:00,718.1,DPAY,,Debit,,,,,,13-04-2024
,1834175,26981997,04-03-2024 00:00,04-03-2024 00:00,552.95,DPAY,,Debit,,,,,,13-04-2024
,1790732,27442575,12-04-2024 00:00,12-04-2024 00:00,400,DPAY,,Debit,,,,,,13-04-2024
,1640853,26924617,29-02-2024 00:00,29-02-2024 00:00,576.15,DPAY,,Debit,,,,,,13-04-2024
,1720390,27372972,06-04-2024 00:00,06-04-2024 00:00,638,DPAY,,Debit,,,,,,13-04-2024
,2062402,26848954,23-02-2024 00:00,23-02-2024 00:00,688.22,DPAY,,Debit,,,,,,13-04-2024
,1722495,27337089,03-04-2024 00:00,03-04-2024 00:00,787.99,DPAY,,Debit,,,,,,13-04-2024
,1599471,26443336,19-01-2024 00:00,19-01-2024 00:00,508.55,DPAY,,Debit,,,,,,13-04-2024
,2022238,26991394,05-03-2024 00:00,05-03-2024 00:00,165.5,DPAY,,Debit,,,,,,13-04-2024
,1857085,26754278,15-02-2024 00:00,15-02-2024 00:00,489.92,DPAY,,Debit,,,,,,13-04-2024
,1773613,26906080,28-02-2024 00:00,28-02-2024 00:00,663.56,DPAY,,Debit,,,,,,13-04-2024
,1728047,27253611,27-03-2024 00:00,27-03-2024 00:00,591,PNMC,Pay Near Me,Other,,,,,,13-04-2024
,3022111,27384199,07-04-2024 00:00,07-04-2024 00:00,482.13,DPAY,,Debit,,,,,,13-04-2024
,1751916,26702080,11-02-2024 00:00,11-02-2024 00:00,621.62,DPAY,,Debit,,,,,,13-04-2024
,2022238,27160956,19-03-2024 00:00,19-03-2024 00:00,165.5,DPAY,,Debit,,,,,,13-04-2024
,1578921,27000266,06-03-2024 00:00,06-03-2024 00:00,543.94,DPAY,,Debit,,,,,,13-04-2024
,1620392,26796126,19-02-2024 00:00,15-02-2024 00:00,1424.21,WAR,,Other,,,,,,13-04-2024
,3136579,27192268,21-03-2024 00:00,21-03-2024 00:00,684.86,DPAY,,Debit,,,,,,13-04-2024
,1872423,27097205,14-03-2024 00:00,14-03-2024 00:00,100,DPAY,,Debit,,,,,,13-04-2024
,2084756,27282223,29-03-2024 00:00,29-03-2024 00:00,647.89,CPAY,,Check,,,,,,13-04-2024
,2091397,26668134,08-02-2024 00:00,08-02-2024 00:00,350,DPAY,,Debit,,,,,,13-04-2024
,1822188,27070070,12-03-2024 00:00,12-03-2024 00:00,664.86,DPAY,,Debit,,,,,,13-04-2024
,1601442,27214106,22-03-2024 00:00,22-03-2024 00:00,576.96,DPAY,,Debit,,,,,,13-04-2024
,1873256,26806224,20-02-2024 00:00,20-02-2024 00:00,330,DPAY,,Debit,,,,,,13-04-2024
,1662766,27217494,23-03-2024 00:00,23-03-2024 00:00,624.87,CPAY,,Check,,,,,,13-04-2024
,2086434,27083809,13-03-2024 00:00,13-03-2024 00:00,550,DPAY,,Debit,,,,,,13-04-2024
,2086434,26714006,12-02-2024 00:00,12-02-2024 00:00,550,DPAY,,Debit,,,,,,13-04-2024
,2056746,27328659,02-04-2024 00:00,02-04-2024 00:00,739.8,DPAY,,Debit,,,,,,13-04-2024
,1773613,27266762,28-03-2024 00:00,28-03-2024 00:00,663.56,DPAY,,Debit,,,,,,13-04-2024
,1788504,26967663,02-03-2024 00:00,02-03-2024 00:00,675.96,DPAY,,Debit,,,,,,13-04-2024
,1790732,26753970,15-02-2024 00:00,15-02-2024 00:00,330,DPAY,,Debit,,,,,,13-04-2024
,1859933,26656512,07-02-2024 00:00,07-02-2024 00:00,699.41,PNMC,Pay Near Me,Other,,,,,,13-04-2024
,2086434,27443282,12-04-2024 00:00,12-04-2024 00:00,520,DPAY,,Debit,,,,,,13-04-2024
,2019162,26890390,27-02-2024 00:00,27-02-2024 00:00,691.75,DPAY,,Debit,,,,,,13-04-2024
,1602317,27217382,23-03-2024 00:00,23-03-2024 00:00,601.16,DPAY,,Debit,,,,,,13-04-2024
,3005473,26477483,22-01-2024 00:00,22-01-2024 00:00,795.86,DPAY,,Debit,,,,,,13-04-2024
,1841428,27053691,10-03-2024 00:00,10-03-2024 00:00,632.81,DPAY,,Debit,,,,,,13-04-2024
,1835388,26396681,15-01-2024 00:00,15-01-2024 00:00,554.39,DPAY,,Debit,,,,,,13-04-2024
,1716885,27360212,05-04-2024 00:00,05-04-2024 00:00,763.75,DPAY,,Debit,,,,,,13-04-2024
,1657014,27023145,08-03-2024 00:00,08-03-2024 00:00,715.84,DPAY,,Debit,,,,,,13-04-2024
,1738673,26462272,20-01-2024 00:00,20-01-2024 00:00,758.9,DPAY,,Debit,,,,,,13-04-2024
,1857374,27217964,23-03-2024 00:00,23-03-2024 00:00,597.36,DPAY,,Debit,,,,,,13-04-2024
,1640853,26878602,26-02-2024 00:00,26-02-2024 00:00,250,DPAY,,Debit,,,,,,13-04-2024
,1807221,27176993,20-03-2024 00:00,20-03-2024 00:00,500,DPAY,,Debit,,,,,,13-04-2024
,1873256,26848679,23-02-2024 00:00,23-02-2024 00:00,333.67,DPAY,,Debit,,,,,,13-04-2024
,1788066,26848197,23-02-2024 00:00,23-02-2024 00:00,539.34,DPAY,,Debit,,,,,,13-04-2024
,2022238,26890396,27-02-2024 00:00,27-02-2024 00:00,165.5,DPAY,,Debit,,,,,,13-04-2024
,2003253,26833226,22-02-2024 00:00,22-02-2024 00:00,458.43,DPAY,,Debit,,,,,,13-04-2024
,2045293,26862831,24-02-2024 00:00,24-02-2024 00:00,150.15,DPAY,,Debit,,,,,,13-04-2024
,1876853,26416730,17-01-2024 00:00,17-01-2024 00:00,533.52,DPAY,,Debit,,,,,,13-04-2024
,1859933,26982083,04-03-2024 00:00,04-03-2024 00:00,699.41,PNMC,Pay Near Me,Other,,,,,,13-04-2024
,2026663,26879387,26-02-2024 00:00,26-02-2024 00:00,568.56,DPAY,,Debit,,,,,,13-04-2024
,3011971,27059878,11-03-2024 00:00,11-03-2024 00:00,723.81,DPAY,,Debit,,,,,,13-04-2024
,1738673,26805722,20-02-2024 00:00,20-02-2024 00:00,758.9,DPAY,,Debit,,,,,,13-04-2024
,1822188,26600950,01-02-2024 00:00,01-02-2024 00:00,667,DPAY,,Debit,,,,,,13-04-2024
,1802297,26981909,04-03-2024 00:00,04-03-2024 00:00,600,PNMC,Pay Near Me,Other,,,,,,13-04-2024
,2007081,26991344,05-03-2024 00:00,05-03-2024 00:00,396.48,DPAY,,Debit,,,,,,13-04-2024
,2040256,27267351,28-03-2024 00:00,28-03-2024 00:00,705.84,DPAY,,Debit,,,,,,13-04-2024
,2073295,26477209,22-01-2024 00:00,22-01-2024 00:00,702.01,DPAY,,Debit,,,,,,13-04-2024
,1728047,26788038,17-02-2024 00:00,17-02-2024 00:00,150,DPAY,,Debit,,,,,,13-04-2024
,1855279,27024324,08-03-2024 00:00,08-03-2024 00:00,671.39,DPAY,,Debit,,,,,,13-04-2024
,1857374,26862674,24-02-2024 00:00,24-02-2024 00:00,597.36,DPAY,,Debit,,,,,,13-04-2024
,1788066,27214704,22-03-2024 00:00,22-03-2024 00:00,539.34,DPAY,,Debit,,,,,,13-04-2024
,2079022,27012610,07-03-2024 00:00,07-03-2024 00:00,584.96,DPAY,,Debit,,,,,,13-04-2024
,3055832,27012995,07-03-2024 00:00,07-03-2024 00:00,680.99,CPAY,,Check,,,,,,13-04-2024
,1807221,26428008,18-01-2024 00:00,18-01-2024 00:00,760.18,DPAY,,Debit,,,,,,13-04-2024
,1795327,26788210,17-02-2024 00:00,17-02-2024 00:00,770.75,CACI,ACI Check Pmt,Check,,,,,,13-04-2024
,1590207,26847491,23-02-2024 00:00,22-02-2024 00:00,588.16,DPAY,,Debit,,,,,,13-04-2024
,1595594,27082775,13-03-2024 00:00,13-03-2024 00:00,692.48,DPAY,,Debit,,,,,,13-04-2024
,1575976,26712867,12-02-2024 00:00,12-02-2024 00:00,526.56,DPAY,,Debit,,,,,,13-04-2024
,1728047,26427692,18-01-2024 00:00,18-01-2024 00:00,710.91,CPAY,,Check,,,,,,13-04-2024
,1780899,27023826,08-03-2024 00:00,08-03-2024 00:00,623.16,DPAY,,Debit,,,,,,13-04-2024
,2034922,26486285,23-01-2024 00:00,23-01-2024 00:00,822.34,DPAY,,Debit,,,,,,13-04-2024
,1661222,27281274,29-03-2024 00:00,29-03-2024 00:00,675.59,DPAY,,Debit,,,,,,13-04-2024
,3049341,27373567,06-04-2024 00:00,06-04-2024 00:00,620,PNMC,Pay Near Me,Other,,,,,,13-04-2024
,3090061,26879976,26-02-2024 00:00,26-02-2024 00:00,729.84,DPAY,,Debit,,,,,,13-04-2024
,2045293,26716438,13-02-2024 00:00,13-02-2024 00:00,200.2,DPAY,,Debit,,,,,,13-04-2024
,1873256,26679116,09-02-2024 00:00,09-02-2024 00:00,696.85,DPAY,,Debit,,,,,,13-04-2024
,1683002,27000485,06-03-2024 00:00,06-03-2024 00:00,515.38,DPAY,,Debit,,,,,,13-04-2024
,2026663,27225670,24-03-2024 00:00,24-03-2024 00:00,568.56,DPAY,,Debit,,,,,,13-04-2024
,2022238,27250013,26-03-2024 00:00,26-03-2024 00:00,165.5,DPAY,,Debit,,,,,,13-04-2024
,1661222,26878651,26-02-2024 00:00,26-02-2024 00:00,675.59,DPAY,,Debit,,,,,,13-04-2024
,1841428,26702194,11-02-2024 00:00,11-02-2024 00:00,632.81,DPAY,,Debit,,,,,,13-04-2024
,1657014,26872565,25-02-2024 00:00,25-02-2024 00:00,730,DPAY,,Debit,,,,,,13-04-2024
,1658061,26427427,18-01-2024 00:00,18-01-2024 00:00,611.82,DPAY,,Debit,,,,,,13-04-2024
,1790732,26416365,17-01-2024 00:00,17-01-2024 00:00,261,DPAY,,Debit,,,,,,13-04-2024
,2007081,27321212,01-04-2024 00:00,01-04-2024 00:00,500,DPAY,,Debit,,,,,,13-04-2024
,1637586,27176537,20-03-2024 00:00,20-03-2024 00:00,725.15,DPAY,,Debit,,,,,,13-04-2024
,2035157,27361143,05-04-2024 00:00,05-04-2024 00:00,663.87,DPAY,,Debit,,,,,,13-04-2024
,1595594,26476227,22-01-2024 00:00,22-01-2024 00:00,350,DPAY,,Debit,,,,,,13-04-2024
,1802297,27313976,31-03-2024 00:00,31-03-2024 00:00,600,PNMC,Pay Near Me,Other,,,,,,13-04-2024
,1788272,26796662,19-02-2024 00:00,19-02-2024 00:00,666.97,PNMC,Pay Near Me,Other,,,,,,13-04-2024
,3157972,27282900,29-03-2024 00:00,29-03-2024 00:00,274.05,DPAY,,Debit,,,,,,13-04-2024
,3049341,27037806,09-03-2024 00:00,08-03-2024 00:00,617,PNMC,Pay Near Me,Other,,,,,,13-04-2024
,1643816,26767419,16-02-2024 00:00,16-02-2024 00:00,492.28,DPAY,,Debit,,,,,,13-04-2024
,1590207,26847490,23-02-2024 00:00,22-02-2024 00:00,588.16,DPAY,,Debit,,,,,,13-04-2024
,2045293,27147054,18-03-2024 00:00,18-03-2024 00:00,330.33,DPAY,,Debit,,,,,,13-04-2024
,1577709,26847452,23-02-2024 00:00,23-02-2024 00:00,253.85,DPAY,,Debit,,,,,,13-04-2024
,2030424,26601289,01-02-2024 00:00,01-02-2024 00:00,684.01,DPAY,,Debit,,,,,,13-04-2024
,1613223,27011626,07-03-2024 00:00,07-03-2024 00:00,910.36,DPAY,,Debit,,,,,,13-04-2024
,2045293,26977519,03-03-2024 00:00,02-03-2024 00:00,150.15,DPAY,,Debit,,,,,,13-04-2024
,1746312,26396352,15-01-2024 00:00,15-01-2024 00:00,633.76,DPAY,,Debit,,,,,,13-04-2024
,1855279,27070164,12-03-2024 00:00,29-01-2024 00:00,150,PNMC,Pay Near Me,Other,,,,,,13-04-2024
,1859370,26958372,01-03-2024 00:00,01-03-2024 00:00,567.65,DPAY,,Debit,,,,,,13-04-2024
,3055832,26657138,07-02-2024 00:00,07-02-2024 00:00,680.99,CPAY,,Check,,,,,,13-04-2024
,2091397,27083823,13-03-2024 00:00,13-03-2024 00:00,704.98,DPAY,,Debit,,,,,,13-04-2024
,1834175,27328329,02-04-2024 00:00,02-04-2024 00:00,552.95,DPAY,,Debit,,,,,,13-04-2024
,3018325,27012919,07-03-2024 00:00,07-03-2024 00:00,235.01,PNMC,Pay Near Me,Other,,,,,,13-04-2024
,1855279,27388354,08-04-2024 00:00,08-04-2024 00:00,686.29,PNMC,Pay Near Me,Other,,,,,,13-04-2024
,1872423,26890317,27-02-2024 00:00,27-02-2024 00:00,709.59,DPAY,,Debit,,,,,,13-04-2024
,1873181,26754366,15-02-2024 00:00,15-02-2024 00:00,447.36,DPAY,,Debit,,,,,,13-04-2024
,1595594,26832166,22-02-2024 00:00,22-02-2024 00:00,707.1,DPAY,,Debit,,,,,,13-04-2024
,3090061,27321750,01-04-2024 00:00,01-04-2024 00:00,500,DPAY,,Debit,,,,,,13-04-2024
,1788272,26485842,23-01-2024 00:00,23-01-2024 00:00,666.97,PNMC,Pay Near Me,Other,,,,,,13-04-2024
,2062467,26486375,23-01-2024 00:00,23-01-2024 00:00,722.94,DPAY,,Debit,,,,,,13-04-2024
,3089848,26959444,01-03-2024 00:00,01-03-2024 00:00,508,DPAY,,Debit,,,,,,13-04-2024
,2022238,26564993,30-01-2024 00:00,30-01-2024 00:00,165.5,DPAY,,Debit,,,,,,13-04-2024
,1577584,27053322,10-03-2024 00:00,10-03-2024 00:00,485.92,DPAY,,Debit,,,,,,13-04-2024
,1575976,27249272,26-03-2024 00:00,26-03-2024 00:00,600,DPAY,,Debit,,,,,,13-04-2024
,2029620,26444873,19-01-2024 00:00,18-01-2024 00:00,800,PNMC,Pay Near Me,Other,,,,,,13-04-2024
,1587393,26634964,05-02-2024 00:00,05-02-2024 00:00,79.1,DPAY,,Debit,,,,,,13-04-2024
,3171250,27230732,25-03-2024 00:00,25-03-2024 00:00,730.55,DPAY,,Debit,,,,,,13-04-2024
,3156860,27420311,11-04-2024 00:00,11-04-2024 00:00,698.09,DPAY,,Debit,,,,,,13-04-2024
,3156860,27420311,11-04-2024 00:00,11-04-2024 00:00,698.09,DPAY,,Debit,,,,,,13-04-2024
,2062402,26625365,03-02-2024 00:00,03-02-2024 00:00,689.22,DPAY,,Debit,,,,,,13-04-2024
,1607548,26737541,14-02-2024 00:00,14-02-2024 00:00,299,DPAY,,Debit,,,,,,13-04-2024
,1720390,26847949,23-02-2024 00:00,23-02-2024 00:00,633.81,DPAY,,Debit,,,,,,13-04-2024
,1743525,26462285,20-01-2024 00:00,20-01-2024 00:00,800,CPAY,,Check,,,,,,13-04-2024
,1609981,26427287,18-01-2024 00:00,12-01-2024 00:00,11600,QACS,,Other,,,,,,13-04-2024
,3026408,27443694,12-04-2024 00:00,12-04-2024 00:00,930.07,DPAY,,Debit,,,,,,13-04-2024
,1804483,26396585,15-01-2024 00:00,15-01-2024 00:00,575,DPAY,,Debit,,,,,,13-04-2024
,1577709,26796040,19-02-2024 00:00,19-02-2024 00:00,260,DPAY,,Debit,,,,,,13-04-2024
,2008401,27349526,04-04-2024 00:00,04-04-2024 00:00,1484.2,WAR0,,Other,,,,,,13-04-2024
,3022111,26590267,31-01-2024 00:00,31-01-2024 00:00,482.13,DPAY,,Debit,,,,,,13-04-2024
,2079022,26849003,23-02-2024 00:00,23-02-2024 00:00,299.2,DPAY,,Debit,,,,,,13-04-2024
,2079022,27388598,08-04-2024 00:00,08-04-2024 00:00,584.96,DPAY,,Debit,,,,,,13-04-2024
,1859370,26589498,31-01-2024 00:00,31-01-2024 00:00,570,DPAY,,Debit,,,,,,13-04-2024
,2013672,27001051,06-03-2024 00:00,06-03-2024 00:00,657.39,DPAY,,Debit,,,,,,13-04-2024
,1796044,27328225,02-04-2024 00:00,02-04-2024 00:00,582.76,DPAY,,Debit,,,,,,13-04-2024
,2013672,26644390,06-02-2024 00:00,06-02-2024 00:00,657.39,DPAY,,Debit,,,,,,13-04-2024
,1643816,26396049,15-01-2024 00:00,15-01-2024 00:00,492.28,DPAY,,Debit,,,,,,13-04-2024
,2003253,26564930,30-01-2024 00:00,30-01-2024 00:00,40,DPAY,,Debit,,,,,,13-04-2024
,1835388,27160724,19-03-2024 00:00,19-03-2024 00:00,554.39,DPAY,,Debit,,,,,,13-04-2024
,1746312,26805747,20-02-2024 00:00,20-02-2024 00:00,637.35,DPAY,,Debit,,,,,,13-04-2024
,3055832,27384239,07-04-2024 00:00,07-04-2024 00:00,680.99,DPAY,,Debit,,,,,,13-04-2024
,3011972,27218385,23-03-2024 00:00,23-03-2024 00:00,612.45,DPAY,,Debit,,,,,,13-04-2024
,1562032,26878437,26-02-2024 00:00,26-02-2024 00:00,562.93,DPAY,,Debit,,,,,,13-04-2024
,1843291,27097086,14-03-2024 00:00,14-03-2024 00:00,565.62,DPAY,,Debit,,,,,,13-04-2024
,1867373,26615523,02-02-2024 00:00,02-02-2024 00:00,65.43,DPAY,,Debit,,,,,,13-04-2024
